review_id,source,primary_category,sentiment,confidence,wishlist_relevant,wishlist_barrier,purchase_intent,purchase_outcome,severity,text
00636cfbbab37012230f,reddit,product_quality_and_accuracy,negative,0.92,False,not_wishlist_related,low,abandoned,high,i had to go back to amazon. they have better discounts and they don ' t deliver dirty products covered in scratches and dirt.
00bcfe0ae93a7d1783f5,play_store,support_payment_and_app_experience,positive,0.88,False,not_wishlist_related,high,purchased,low,it ' s so helpful and so good
00e7ceea5ad7ac5e310b,reddit,delivery_returns_and_refunds,negative,0.9,False,not_wishlist_related,low,unknown,medium,"& gt ; now a days, all of their shoe boxes arrive in a deformed state i saw this happen with puma and adidas but didn ' t happen with 2 nike shoe box, the packaging felt very much premium. it felt like nike does it something better than others."
0175429132900aa7e49d,play_store,pricing_discounts_and_value,negative,0.85,False,not_wishlist_related,low,unknown,medium,they deliver good quality products but the only flaw is too much dynamic pricing
019f20d58f36be3c25d4,play_store,product_quality_and_accuracy,positive,0.93,False,not_wishlist_related,high,purchased,low,my all tym favorite myntra... and i am a proud n happy customer for several years.... products r 100 percent genuine... love myntra
01b10064e363adc9dce2,play_store,product_quality_and_accuracy,positive,0.94,False,not_wishlist_related,high,purchased,low,myntra online shopping ka bhut acha platform hai me myntra se shopping kar rahi hu bahut achcha product aata hai aap bhi mantra se shopping karo bahut achcha product kharido myntra online shopping me sare product bahut acche aate hain quality ek number hoti hai fir chahe product khane ka yah skin care ka ho ya fir jewellery accessories or kids men women ke kapde sub bahut achi quality ke milte hai aap sub myntra online shopping jarur kar me myntra ko 5star deti hu thank you myntra
021033b0b0c2220637b7,play_store,product_quality_and_accuracy,negative,0.91,False,not_wishlist_related,low,abandoned,high,the quality of the fabric is so bad and the wrong labelling also model height and size were wrong in labelling... the quality of the jeans is reduced so much that they are given fabric like meesho with twice or thrice the price.... also most jeans are straight fit and labelled as wide legs... are you guys letting people sell anything whatsoever?
023c5f20f6a6270a702e,play_store,support_payment_and_app_experience,positive,0.89,False,not_wishlist_related,high,purchased,low,best app for good product
026a7de69f2cd071dd07,play_store,pricing_discounts_and_value,positive,0.87,False,not_wishlist_related,high,purchased,low,good product with decent discounts
02c8f079c0c73e4e8130,play_store,pricing_discounts_and_value,positive,0.86,False,not_wishlist_related,high,purchased,low,very stylish products at reasonable price
02e09fa0b7bd5e7fc70b,play_store,support_payment_and_app_experience,positive,0.8,False,not_wishlist_related,high,unknown,low,nice sopping app
034b77421e197fd998f9,play_store,support_payment_and_app_experience,positive,0.85,False,not_wishlist_related,high,unknown,low,very good platform to buy clothes online
03792e72322b792b6e31,play_store,product_quality_and_accuracy,positive,0.9,False,not_wishlist_related,high,purchased,low,genuine branded product delivered as requested
03872815e620bcadb30b,play_store,support_payment_and_app_experience,positive,0.8,False,not_wishlist_related,high,unknown,low,amazing shoping app i love myntra
03f029755cec4661f094,reddit,delivery_returns_and_refunds,negative,0.9,False,not_wishlist_related,low,unknown,high,"because if you order 10 items and return 8 of them, those 8 have cost of shipping, packaging by the company gone to waste. now imagine 100s and 1000s of customers returning orders in the same way. and this being done everyday. when people take 10 cloths in a store for trial room and return 8 of them there is no shipping or packaging involved but this is not the same as e - commerce. so e - commerce and retail cannot be treated in same way."
04d2aee54443cf0ce674,play_store,delivery_returns_and_refunds,negative,0.85,False,not_wishlist_related,low,unknown,medium,"whenever you place an order, if there is late delivery then you have to cancel it."
0503bdecf8f09e0824a3,play_store,product_quality_and_accuracy,positive,0.8,False,not_wishlist_related,high,unknown,low,best & original
058610482749b96f1d97,play_store,pricing_discounts_and_value,positive,0.9,False,not_wishlist_related,high,unknown,low,i am not using this app for a longer time but i love this app because recently i ordered two products and the quality of product is amazing and the most good thing is that i can purchase this in a affordable price and not only that even you can spin coins and win prizes and the quick delivery is the best one and we can find everything on this app and the range you wants i am new on this app but still i like it so
05b8e084c58d85e178e2,play_store,support_payment_and_app_experience,positive,0.8,False,not_wishlist_related,high,unknown,low,very good survice
063a8b0cc5b8fb1883d8,play_store,product_quality_and_accuracy,positive,0.85,False,not_wishlist_related,high,unknown,low,best app for quality shopping
078c1ddd51b0f7650f20,reddit,product_quality_and_accuracy,positive,0.7,False,not_wishlist_related,unknown,unknown,low,fully agree.
078e32ccadf81d0d0c61,play_store,product_quality_and_accuracy,positive,0.9,False,not_wishlist_related,high,purchased,low,excellent experience.. all products are best in quality.. must products from myntra.. loving all my purchases and most importantly there is no need to return any product. thank u myntra for such a great experience.
07d2243f8fb5af7452ae,play_store,pricing_discounts_and_value,positive,0.85,False,not_wishlist_related,medium,unknown,low,user friendly interface and good discount given.
080a22a745a4b745d492,reddit,product_quality_and_accuracy,negative,0.9,False,not_wishlist_related,low,abandoned,high,they are selling products without manufacturing and expiry date.
08147e550a79c48abc00,play_store,support_payment_and_app_experience,positive,0.8,False,not_wishlist_related,unknown,unknown,low,so helpful
083da8a740d05566e1d5,play_store,product_quality_and_accuracy,positive,0.9,False,not_wishlist_related,high,purchased,low,i had gotten what exactly i ' ve seen. good material
0849a1e1e72e0b3f04a6,play_store,support_payment_and_app_experience,positive,0.85,False,not_wishlist_related,unknown,unknown,low,lovely app
0853080cc39f23e90107,play_store,support_payment_and_app_experience,positive,0.8,False,not_wishlist_related,unknown,unknown,low,i always had an amazing experience...
088575ea1e5417c0277a,play_store,support_payment_and_app_experience,positive,0.8,False,not_wishlist_related,unknown,unknown,low,i just love to shop at myntra
089a287bc7b238313cc9,play_store,delivery_returns_and_refunds,negative,0.9,False,not_wishlist_related,low,abandoned,high,if you are from rural areas don ' t use myntra most products are not deliverable i recently talked to customer care they said delivery options are dependent on sellers this is how they treat us thanks myntra for your garbage support
089e1b00933b87b8a7f1,play_store,pricing_discounts_and_value,positive,0.9,False,not_wishlist_related,unknown,unknown,low,my experience on this app is so good please provide me some discount coupons please
08a55ebd19e9210ed002,reddit,delivery_returns_and_refunds,neutral,0.9,False,not_wishlist_related,unknown,unknown,low,". keep the products and if myntra comes to pickup the returns, ask them to pay you convenience fees first."
08b75361d96112f78542,play_store,product_quality_and_accuracy,positive,0.9,False,not_wishlist_related,unknown,unknown,low,product match the description and images. perfect place to buy online products
090cf5bbd38bf08ec658,play_store,support_payment_and_app_experience,positive,0.9,False,not_wishlist_related,unknown,unknown,low,a fully trusted and legit app to buy clothes
094d778bf44f51bea12a,play_store,support_payment_and_app_experience,positive,0.9,False,not_wishlist_related,unknown,unknown,low,excellent work and excellent platform for
09cfc398d3944c389ca2,play_store,support_payment_and_app_experience,positive,0.9,False,not_wishlist_related,unknown,unknown,low,loved shopping on myntra.
09eb783e9ec64c4d9877,play_store,product_quality_and_accuracy,positive,0.9,False,not_wishlist_related,unknown,unknown,low,super amazing and beautiful article
0a6be059e21ffcdc7bad,play_store,support_payment_and_app_experience,positive,0.9,False,not_wishlist_related,unknown,unknown,low,very very very good
0a9c5220441c235b53c9,play_store,pricing_discounts_and_value,negative,0.9,False,not_wishlist_related,unknown,unknown,low,higher rates.. than any other apps
0aa21c0605ea4e3ff4ca,play_store,delivery_returns_and_refunds,positive,0.9,False,not_wishlist_related,unknown,unknown,low,great quality & smooth delivery
0ab45dc8033c8109bf74,reddit,product_quality_and_accuracy,negative,0.9,False,not_wishlist_related,low,unknown,high,i ' ve been ordering from myntra for years but it has gone down now. i have returned stuff just because the quality is so bad. plus the inconvenience fee now! and some of the products are available on other sites for significantly less. myntra used to be my default for online shopping but i only use it as a last resort now. i hope they take feedback and pull up their socks.
0b17f2015ea0984b6137,app_store,size_fit_and_availability,positive,0.95,False,not_wishlist_related,high,unknown,low,the trouser fitting is absolutely stunning.
0b1e1817c52924ea43d8,reddit,product_quality_and_accuracy,neutral,0.4,False,not_wishlist_related,low,abandoned,low,ya i ended up buying the saree offline
0bbbb965335fd28204f7,reddit,product_quality_and_accuracy,negative,0.9,False,not_wishlist_related,low,abandoned,high,i know right?! i was searching for decent sweatshirts and all i could find was acrylic and polyester stuff. nothing in cotton and wool under 1000. i ' d rather go to lifestyle or pantaloons and buy good quality stuff!
0bc7b6382c75feea2909,play_store,pricing_discounts_and_value,negative,0.85,False,not_wishlist_related,unknown,unknown,medium,please help me i can ' t use daily copun aaply or coupon not reedeam so help me me apne roj k copun ko redeem nhi kr pa rha hu ky aap mere myntra se help kr sakte hai
0bfc28c88be215e1a4fb,play_store,product_quality_and_accuracy,negative,0.9,False,not_wishlist_related,unknown,unknown,high,"getting worse day by day, from the last few months delivering used clothes."
0c67edd50abfcd659e28,play_store,pricing_discounts_and_value,positive,0.8,False,not_wishlist_related,high,unknown,low,mujhe product per kafi sara discount milta hai
0c92c39a788898ec15a7,reddit,delivery_returns_and_refunds,negative,0.7,False,not_wishlist_related,unknown,unknown,medium,"oh, i see, then i haven ' t come across this issue anywhere else yet. but i dont understand how returning an item ( even if people are buying and returning in bulk ) exploiting the process? as long as it is returned without damage, the company is going to be able to make money selling it to other people. and what if a customer doesn ' t like a piece - due to style, quality, etc. they shouldn ' t be forced to keep it or be charged for returning it is all i ' m saying."
0ccca4372f4fbe0c36ec,play_store,delivery_returns_and_refunds,negative,0.85,False,not_wishlist_related,unknown,abandoned,high,and i have ordered so much time so many things but you were always say that delivery attempt failed and then always i waited for to reach the delivery to me but at the end you always cancelled my order so this much poor you delivery attempt and you all guys of myntra you have never reach to me by taking my order but still you all say that you aren ' t there to receive your order but the delivery agent never make sure to call me or you never texted me that your delivery has reached on whatsapp or n
0d0264e06623f9e0747f,play_store,support_payment_and_app_experience,positive,0.9,False,not_wishlist_related,high,purchased,low,"great app for fashion shopping! it offers a wide variety of brands, frequent discounts, easy returns, and fast delivery. the interface is user - friendly, making it easy to find the latest trends. overall, a convenient and reliable shopping experience."
0d6cee481cb9b47a0a6a,play_store,product_quality_and_accuracy,positive,0.9,False,not_wishlist_related,high,unknown,low,order quality is better is delivered faster than other platforms
0da312da66985cb5c166,reddit,delivery_returns_and_refunds,negative,0.8,False,not_wishlist_related,low,unknown,high,they deliver to none! that ' s their way of not letting customers to buy the discounted items. the can ' t deliver wala thingy goes away after sometime or when the sale ends and price increases. it ' s downright irritating
0da421ca34bf52a9824a,play_store,support_payment_and_app_experience,positive,0.9,False,not_wishlist_related,high,unknown,low,good app for clothes
0da9ed12e4ff392ab109,play_store,pricing_discounts_and_value,negative,0.8,False,not_wishlist_related,low,unknown,medium,just expensive
0dc7d2979cfd47e773f6,play_store,product_quality_and_accuracy,positive,0.9,False,not_wishlist_related,high,unknown,low,good qality
0e7886af59c806fe5675,play_store,delivery_returns_and_refunds,negative,0.8,False,not_wishlist_related,low,unknown,high,maine buds order kiya lekin box empty tha lein myntra wala bol rha hai ki humari taraf sa to product tha ab meri glti hai mera pe video hai or image bhi to bhi nhi man rha
0e82692ad873c29e3d97,app_store,product_quality_and_accuracy,positive,0.9,False,not_wishlist_related,high,unknown,low,as per price quality is too good
0ec1b4c96dc581ecdc01,play_store,support_payment_and_app_experience,positive,0.9,False,not_wishlist_related,high,unknown,low,amazing aap
0ec6e52f741a439e8f53,play_store,support_payment_and_app_experience,positive,0.9,False,not_wishlist_related,high,unknown,low,always my favourite online shopping
0eca7e5034bb145464ab,play_store,product_quality_and_accuracy,positive,0.9,False,not_wishlist_related,high,unknown,low,this is best
0f42da69bd23c0283d7e,play_store,support_payment_and_app_experience,positive,0.9,False,not_wishlist_related,high,unknown,low,no latka jhatka.. only best shoping.
0f58cc0ca51132553750,app_store,product_quality_and_accuracy,positive,0.9,False,not_wishlist_related,high,unknown,low,"myntra is genuinely the best app. they have good quality tops, fitting is also proper and specially if you ever return something you get your refund on the given time unlike rest of the apps. i trust and only use myntra for online cloths"
0f631a82950c5126ed04,play_store,product_quality_and_accuracy,positive,0.9,False,not_wishlist_related,unknown,unknown,low,good product
0f6f09d94559addb7143,play_store,support_payment_and_app_experience,positive,0.9,False,not_wishlist_related,high,unknown,low,quick and easy order placement
10032421c22f16a6e102,play_store,support_payment_and_app_experience,positive,0.9,False,not_wishlist_related,high,unknown,low,"myntra remains one of the premier destinations for online fashion, beauty, and lifestyle shopping in india. whether you are looking for everyday casuals, premium ethnic wear, luxury international labels, or beauty essentials, the app offers a polished, comprehensive shopping experience. key features & user experience sleek & intuitive interface vast product catalog myntra studio & trends virtual try - on & fit assistants express delivery ( m - express )"
103a2019fd98cac08a34,play_store,pricing_discounts_and_value,positive,0.9,False,not_wishlist_related,high,unknown,low,the best app for shopping smooth and fast pluss good offers and you get almost everything at a cheaper rate!!
105c967b9cb753def734,play_store,support_payment_and_app_experience,positive,0.9,False,not_wishlist_related,high,unknown,low,shopping k liye sabse achhi app h
10896908d7af9aae7b31,play_store,product_quality_and_accuracy,positive,0.9,False,not_wishlist_related,high,unknown,low,very good product of arrow
109bb1062a2348943dbc,play_store,product_quality_and_accuracy,positive,0.9,False,not_wishlist_related,high,unknown,low,so gooddddd
109c02acc0f8541e7a58,reddit,product_quality_and_accuracy,negative,0.9,False,not_wishlist_related,low,unknown,low,"now that you mentioned it, amazon does have better quality options"
10a28a75d940c1e63c58,play_store,delivery_returns_and_refunds,positive,0.8,False,not_wishlist_related,unknown,unknown,low,nice app and good returns and exchanges policy but platform charge is more
1132668e7cd8226f0233,app_store,size_fit_and_availability,positive,0.9,False,not_wishlist_related,high,unknown,low,perfect fitting as describe and fabric also smooth. suggest to buy.
11d779680b70a31b6b39,play_store,product_quality_and_accuracy,positive,0.9,False,not_wishlist_related,unknown,unknown,low,good experience of shopping with myntra.... nice quality of products delivered...
123691c373b0062f0d80,play_store,support_payment_and_app_experience,positive,0.8,False,not_wishlist_related,unknown,unknown,low,nice purchasing experience
126ab02114ff3d17eced,reddit,product_quality_and_accuracy,positive,0.8,False,not_wishlist_related,unknown,unknown,low,meesho had some good quality gems
1297388cc098b5e41afa,play_store,product_quality_and_accuracy,positive,0.9,False,not_wishlist_related,unknown,unknown,low,i like this platform for shopping it ' s too good. its material quality is too good.
12b2f4dacad6c0615bc2,play_store,support_payment_and_app_experience,positive,0.9,False,not_wishlist_related,unknown,unknown,low,i love the app
12d66db9f771f27156fe,reddit,pricing_discounts_and_value,negative,0.9,False,not_wishlist_related,low,unknown,medium,yep i hate getting convenience fees everywhere even meesho! thanks for nothing zomato. tbh many customers used to just buy multiple items only to return the majority of them and that probably made myntra make this shift. but why punish us?
12e54cdc2e826fbd3f93,reddit,pricing_discounts_and_value,negative,0.9,False,not_wishlist_related,low,unknown,medium,i hate how everything on a discount suddenly shows “ not serviceable at your pincode ” for almost everyone.
1342aded0d802c432828,play_store,support_payment_and_app_experience,positive,0.8,False,not_wishlist_related,unknown,unknown,low,great experience
135e6980d742c0b0f78c,play_store,support_payment_and_app_experience,positive,0.95,False,not_wishlist_related,high,unknown,low,"excellent shopping app! the ui is smooth, products are genuine, and there are plenty of fashion choices for every budget. delivery is fast, returns are hassle - free, and customer support is helpful. highly recommended for online shopping!"
1369a4da3ee819a0d9e2,reddit,support_payment_and_app_experience,negative,0.9,False,not_wishlist_related,low,unknown,medium,"ikr! earlier they had neat categorisation gender wise for all products available on their website. it was really easy to navigate to a certain category. for instance, men & gt ; footwear & gt ; casual shoes & gt ; sneakers. now they ' ve gotten rid of it and navigation on their app sucks."
1438ac68a388de74733e,app_store,product_quality_and_accuracy,positive,0.9,False,not_wishlist_related,unknown,unknown,low,shandar jabardast
14402a92cab2ca34c1b3,play_store,product_quality_and_accuracy,positive,0.95,False,not_wishlist_related,high,unknown,low,"this app is wonderful because every time i receive only amazing and better quality products, so i just love"
14874d2bd8e473972e77,play_store,product_quality_and_accuracy,positive,0.8,False,not_wishlist_related,unknown,unknown,low,very nice
14967bcc3b6db52bd85e,play_store,product_quality_and_accuracy,positive,0.8,False,not_wishlist_related,unknown,unknown,low,very good.
15ead4d2e2001bd2fee0,play_store,support_payment_and_app_experience,negative,0.95,False,not_wishlist_related,low,unknown,high,the customer service is so so bad..... they don ' t reply and if they do they reply late.. don ' t give any solution... and say you are occupied so we are ending the conversation..
161fa26499a71d9ffe8f,play_store,support_payment_and_app_experience,positive,0.9,False,not_wishlist_related,unknown,unknown,low,experience was so good
162ac4297e196357edd9,reddit,product_quality_and_accuracy,negative,0.9,False,not_wishlist_related,low,unknown,medium,"i ' ve seen stuff on nykaa fashion. myntra is 90 % cheap trashy clothes, 10 % decent ones, which are hidden for some reason."
16349aed082cea5ca705,play_store,product_quality_and_accuracy,positive,0.95,False,not_wishlist_related,high,unknown,low,fantastic products and great quality. i loved it
16652bae1d580dcfc463,play_store,support_payment_and_app_experience,positive,0.8,False,not_wishlist_related,unknown,unknown,low,iam happy
169f6b0c84026a380470,play_store,product_quality_and_accuracy,positive,0.9,False,not_wishlist_related,unknown,unknown,low,best skincare
16f672c0beefee3914c4,play_store,support_payment_and_app_experience,positive,0.85,False,not_wishlist_related,unknown,unknown,low,awesome app
17018f42ee3767178f2c,play_store,support_payment_and_app_experience,positive,0.8,False,not_wishlist_related,unknown,unknown,low,niceee appp
171da17fd0940da0085b,play_store,support_payment_and_app_experience,positive,0.9,False,not_wishlist_related,unknown,unknown,low,amazing app i like it so much so easy to buy products
172fde39b4647c253ac6,play_store,product_quality_and_accuracy,positive,0.85,False,not_wishlist_related,unknown,unknown,low,real brands are available
1734a6002944a5bbbef0,play_store,support_payment_and_app_experience,positive,0.8,False,not_wishlist_related,unknown,unknown,low,really good
174ff589aae6800d4bea,play_store,support_payment_and_app_experience,positive,0.85,False,not_wishlist_related,unknown,unknown,low,excellent app and orderd many product also
17958130e5443789fe41,play_store,delivery_returns_and_refunds,negative,0.95,False,not_wishlist_related,unknown,abandoned,high,"worst shopping app. they send the product without tag, when i placed for exchange the delivery guy said it is without tag & cancelled my exchange. when i spoke to cs they placed fresh exchange but the delivery guy didn ' t came to my place & after that i was continuously contacting th cs they said u will get the exchange but all off sudden they cancelled my exchange & because of there fault my exchange & return period got over. very bad service by mantra."
179cf13ca8a835c1e79a,play_store,product_quality_and_accuracy,positive,0.9,False,not_wishlist_related,unknown,unknown,low,"nice body wash, nice smell"
1828bbca5babc5172619,play_store,support_payment_and_app_experience,positive,0.9,False,not_wishlist_related,unknown,unknown,low,nice app for fashion
182ec4bc0a221540ad2a,play_store,product_quality_and_accuracy,positive,0.9,False,not_wishlist_related,high,purchased,low,fabric quality too good purchase on myntra
18dd155774144dbfab58,play_store,delivery_returns_and_refunds,negative,0.9,False,not_wishlist_related,low,abandoned,high,bad experience for delivery... 3rd class service provides... every time commitment time product not delivered on myntra
18f9a73271f61e4497f3,play_store,support_payment_and_app_experience,positive,0.9,False,not_wishlist_related,unknown,unknown,low,excellent
18ff2141079c86143647,play_store,product_quality_and_accuracy,positive,0.9,False,not_wishlist_related,unknown,unknown,low,the products were very good and very wide collection
19af39e006775312dcdf,reddit,product_quality_and_accuracy,negative,0.9,False,not_wishlist_related,low,abandoned,high,"lol, i was trying to shop for my sister ’ s daily wear cotton clothes, casual kurtis and suits. recently myntra has become like meesho, any local brand clothes are available. the problem is not with the local brands, it ’ s the quality so poor. i had so many exchanges and returns, shopping clothes on amazon felt easier."
19af7d69e4989037c043,play_store,support_payment_and_app_experience,negative,0.9,False,not_wishlist_related,unknown,unknown,high,login nahi ho raha h myntra me too many login attempts deleted likh raha kaise sahi kare
1a23e291b668fa869633,reddit,delivery_returns_and_refunds,neutral,0.8,False,not_wishlist_related,unknown,unknown,low,"that ' s actually not standard practice from what i know, unless an item is non returnable, you can return anything in the return window frame without issues."
1ad5c599b48623e6597e,app_store,support_payment_and_app_experience,positive,0.9,False,not_wishlist_related,unknown,unknown,low,best best best
1aeefb7e1f8fa64613a9,play_store,support_payment_and_app_experience,positive,0.9,False,not_wishlist_related,unknown,unknown,low,wonderful user app
1b1b1cd84c418733f9a3,app_store,product_quality_and_accuracy,positive,0.95,False,not_wishlist_related,high,unknown,low,great product working well
1b404a3defb1edd18108,reddit,support_payment_and_app_experience,negative,0.9,False,not_wishlist_related,low,unknown,high,"girl same!!! i was gonna write that in the comment too earlier. i ' m really thinking it ' s time to go back to the stores. we can get 5 - 10 % discounts at stores too, plus we can try things so color match, size and fit match problem doesn ' t happen. online shopping was a convenience but these greedy businesses like myntra, tira and nykaa have completely taken all joy out of it and made it extremely stressful. hours of scrolling to find a good product and then being harassed with extra charges, insulting discounts, poor customer support, not taking returns, sending poor quality products nearing expiry dates, and so on. its just not worth it anymore. and this is coming from someone who hates going to the stores and interacting with store sales people. i despise the experience. so imagine how much bad they have made it online that i am considering going back to physical stores. it ' s horrible. plus the carbon footprint because of packaging and plastic is also too much. usually i don ' t even take bags from a store and just carry stuff in my vehicle storage space. but with myntra there is so much plastic waste. unless it ' s a foreign brand that we can ' t even take bags from a store and just carry stuff in my vehicle storage space. but with myntra there is so much plastic waste. unless it ' s a foreign brand that we can ' t get in stores i think it ' s not worth the hassle of online shopping from these greedy apps who don ' t value customers at all and only care about money and targets. sure every business care about money, but at least provide the service properly man. these people have become so arrogant as if we are totally dependent on them for our shopping needs so they can treat us however they like without consequences. they have become way too cocky."
1b43735810effb1375dc,play_store,product_quality_and_accuracy,positive,0.9,False,not_wishlist_related,high,unknown,low,awesome i love it
1b4f3d6e6bed8856162c,play_store,product_quality_and_accuracy,positive,0.9,False,not_wishlist_related,high,unknown,low,excellent
1bd337fc6375f8f2ebeb,play_store,support_payment_and_app_experience,positive,0.9,False,not_wishlist_related,high,unknown,low,"i have great experience with myntra, they have best services.."
1c0ae1f696a47bafe946,play_store,product_quality_and_accuracy,positive,0.85,False,not_wishlist_related,high,unknown,low,because the quality is very good and have reasonable prices
1c54efa9987d902edd8a,play_store,support_payment_and_app_experience,positive,0.9,False,not_wishlist_related,high,unknown,low,"unbelievable experience, allah time awesome"
1c5a559ecc3cf4f91681,play_store,support_payment_and_app_experience,neutral,0.8,False,not_wishlist_related,unknown,unknown,low,doing lots of efforts to improve the service and give you best output
1c7c2f9746488befe569,play_store,support_payment_and_app_experience,negative,0.85,False,not_wishlist_related,low,unknown,medium,bad service....
1c9359436e4087c7cbb9,play_store,pricing_discounts_and_value,positive,0.9,False,not_wishlist_related,high,unknown,low,"it ' s an amazing, affordable online shopping application"
1d2001349e5b830d3a40,play_store,support_payment_and_app_experience,negative,0.8,False,not_wishlist_related,unknown,unknown,high,worst experience with myntra
1dae7a809a8ce89f83f0,reddit,pricing_discounts_and_value,positive,0.9,False,not_wishlist_related,high,purchased,low,"i don ’ t know man i ’ m still consistently ordering from myntra without issue, recently got good quality tommy hilfiger shoes and asics gel contend at good discounts."
1dc1e7a4bc2d091f99c1,play_store,delivery_returns_and_refunds,negative,0.85,False,not_wishlist_related,unknown,unknown,medium,delevery system are not good
1ddf1a212bbb189545f8,play_store,support_payment_and_app_experience,positive,0.8,False,not_wishlist_related,unknown,unknown,low,lots of verity and un budget also. very good interface and safe delivery. trusted also.
1e2d267ecf3f9dff5a87,play_store,delivery_returns_and_refunds,positive,0.9,False,not_wishlist_related,high,purchased,low,good experience. the best thing is... they don ' t lag on products which we want to return... they will pick the product just after the next day of return has placed... best experience. try this application... you will love it happy shopping shop more... enjoy shopping... thank you myntra...
1e42b3e048397d88640c,play_store,product_quality_and_accuracy,positive,0.9,False,not_wishlist_related,unknown,unknown,low,quality was good. and packaging also nice
1e532f9faef94323285b,play_store,size_fit_and_availability,positive,0.9,False,not_wishlist_related,unknown,unknown,low,nice fitting nice cloth
1e76b5d2c0d2679cdf7e,play_store,support_payment_and_app_experience,negative,0.9,False,not_wishlist_related,unknown,unknown,high,"very disappointing experience. my refund was credited to someone else ' s account instead of my bank account. i informed customer support many times, but they never listened or properly understood my issue. the helpline is completely useless and they kept giving the same responses without resolving the problem. even after repeated complaints, my issue remains unresolved. i expected better service, but this has been the worst customer support experience i have ever had. i do not recommend this serv"
1eaf1ab43c0bdbc6178f,play_store,support_payment_and_app_experience,positive,0.8,False,not_wishlist_related,unknown,unknown,low,good for shopping
1f0dd39f3b1d707b2377,play_store,product_quality_and_accuracy,positive,0.9,False,not_wishlist_related,unknown,unknown,low,quality of product is good
1f4d94e3eb4423b011ef,play_store,delivery_returns_and_refunds,positive,0.92,False,not_wishlist_related,high,purchased,low,i get everything i need in myntra that too with fast deliveries and instant refunds when needed
1fa874bb1cf10d0ff4d4,app_store,product_quality_and_accuracy,positive,0.94,False,not_wishlist_related,high,purchased,low,"excellent quality clothing with a great variety of designs. the fabric is comfortable, the fitting is good, and the overall experience is highly satisfactory. highly recommended"
1ffa8eb94a059ac9427a,play_store,pricing_discounts_and_value,positive,0.9,False,not_wishlist_related,high,purchased,low,this is really nice app it provide product at affordable price and really good quality
20520404da6b34de015f,app_store,support_payment_and_app_experience,positive,0.88,False,not_wishlist_related,high,purchased,low,one of the best shopping app
20613b2d00bc32731089,play_store,pricing_discounts_and_value,positive,0.91,False,not_wishlist_related,high,purchased,low,wow what a shoping master app in the world daily offer
206eaea31bfbfc2543cf,play_store,support_payment_and_app_experience,positive,0.89,False,not_wishlist_related,high,purchased,low,it ' s a better shoping app
208de862de4a5f3dcb2b,play_store,product_quality_and_accuracy,positive,0.87,False,not_wishlist_related,high,purchased,low,good collections
208f4a4575d96eb61bf8,play_store,delivery_returns_and_refunds,negative,0.93,False,not_wishlist_related,low,abandoned,high,"a truly terrible app to make matters worse, their delivery agent is even worse. they always fail to deliver the product on time but mark it as delivered anyway. it seems the delivery agent is just a thief looking to pocket the money"
2099216f2eea3c409d41,play_store,pricing_discounts_and_value,positive,0.9,False,not_wishlist_related,high,purchased,low,value for money...
20f03a65cac4e1d19983,play_store,support_payment_and_app_experience,positive,0.88,False,not_wishlist_related,high,purchased,low,totally good
210c84d598e19fa3c5ec,play_store,delivery_returns_and_refunds,positive,0.9,False,not_wishlist_related,unknown,unknown,low,very good app and fast delivery
211d39e995a0ab6e38f6,play_store,support_payment_and_app_experience,positive,0.8,False,not_wishlist_related,unknown,unknown,low,good application
2120a8e1b10fa84dd335,play_store,support_payment_and_app_experience,positive,0.8,False,not_wishlist_related,unknown,unknown,low,good design
2196fc4e573a6ba64e22,play_store,delivery_returns_and_refunds,positive,0.9,False,not_wishlist_related,high,unknown,low,""" love shopping on myntra! the collection of clothing and accessories is top - notch, delivery is always on time, and returns / exchanges are completely hassle - free. """
21973cb518df5dfb645a,play_store,product_quality_and_accuracy,negative,0.9,False,not_wishlist_related,unknown,unknown,high,"it happened two times out of 4 times that, once i received damaged product and the other time i received a completely different product and different size too. still, the remaining two times the products received were perfect and great in quality too."
21a03e96a5cd23d63963,play_store,support_payment_and_app_experience,positive,0.9,False,not_wishlist_related,unknown,unknown,low,excellent app... very user friendly. best filter criteria across all clothing apps.
21b03eb7004e0b2b4fee,reddit,support_payment_and_app_experience,negative,0.8,False,not_wishlist_related,unknown,unknown,medium,"tata cliq is a little better. the most annoying thing on myntra isn ’ t even their lack of options, it ’ s the use of ai models donning the clothes. how am i supposed to figure how a fabric would look and feel if it ’ s put on a computer generated fake model?!"
21cc1bbbb3160510c72f,play_store,support_payment_and_app_experience,positive,0.9,False,not_wishlist_related,unknown,unknown,low,best app ever used
226f922d4c829d67fd6d,reddit,support_payment_and_app_experience,neutral,0.5,False,not_wishlist_related,unknown,unknown,low,only for a few hours if you apply every day then it might
227379ff99d44b1192c7,reddit,pricing_discounts_and_value,neutral,0.6,False,not_wishlist_related,unknown,unknown,low,"yeah, the limit is 1000"
229816411bf9fa62ee6a,reddit,support_payment_and_app_experience,positive,0.8,False,not_wishlist_related,unknown,unknown,low,thanks! i ' ll try that too!
22bd48515eb33efbbd5d,play_store,product_quality_and_accuracy,positive,0.9,False,not_wishlist_related,unknown,unknown,low,product quality worth it hoti h....
22ce5be39a7668ff51b4,reddit,support_payment_and_app_experience,negative,0.95,False,not_wishlist_related,unknown,unknown,high,that is outrageous! it ' s crazy to see that so many people have faced so many issues! and the most irritating part is their cs chat! they literally give you copy paste answers and don ' t even reply to what your asking!
2317deb6e7e5d9123cf8,play_store,pricing_discounts_and_value,positive,0.9,False,not_wishlist_related,unknown,unknown,low,superb quality product with huge discount.
235d1f500e48d452562b,play_store,product_quality_and_accuracy,positive,0.9,False,not_wishlist_related,unknown,unknown,low,very satisfied about product quality
2367f1b6cfc767643b6f,play_store,support_payment_and_app_experience,positive,0.8,False,not_wishlist_related,unknown,unknown,low,happy customer always
23d053b8ea79ecd238d0,play_store,product_quality_and_accuracy,negative,0.85,False,not_wishlist_related,unknown,unknown,medium,myntra was not gave details properly
241003c3b475616c3ce8,play_store,support_payment_and_app_experience,positive,0.8,False,not_wishlist_related,unknown,unknown,low,all over good
2427c6cb538868f750e3,reddit,delivery_returns_and_refunds,negative,0.9,False,not_wishlist_related,unknown,unknown,medium,"no, if you frequent returns they are in their right to refuse it. because many times in - store return depends on cashier and online they check history and make judgement calls too."
2464f5fd78783c46cf2c,play_store,support_payment_and_app_experience,positive,0.85,False,not_wishlist_related,unknown,unknown,low,trusted shopping aap or very helpful in emergencies also....
246dd1e849ecf7d63469,reddit,pricing_discounts_and_value,negative,0.95,False,not_wishlist_related,low,abandoned,high,"i have stopped ordering from them quite a bit ever since they started this bs of convenience fee. i order like twice a year now. why do we have to pay extra with every order? they are making money for literally nothing. imagine the number of orders they get every year and they get extra 20 rs with every order for nothing. they are probably making 20 crore per month for literally nothing! it ' s such a scam. and they ' re doing it openly. it should be illegal!!! myntra treats customers as if they were criminals, charging extra, not letting them return products, and now they are putting those dumb tags. the tags are the worst of all. they have made it a policy to not accept returns without the tags, and most of the time the products come without the tags. how is it our fault if you don ' t send tags? they are coming up with new policies that make shopping even more stressful. myntra is the most unfriendly platform. sorry, i don ' t need the drama and i don ' t have time to make elaborate videos everytime to prove that you didn ' t send the tag. i don ' t like to live in fear of a dumb shopping app. and suddenly products don ' t have time to make elaborate videos everytime to prove that you didn ' t send the tag. i don ' t like to live in fear of a dumb shopping app. and suddenly products are not delivered to my pincode. what ' s that all about? i also hear they don ' t pick up return and you have to courier them yourself in some regions. what exactly is the convenience they are providing that they charge that convenience fee for?"
25beaa536490c4f82e63,play_store,support_payment_and_app_experience,positive,0.9,False,not_wishlist_related,high,unknown,low,very good app for shopping
25dfedc8076ec1a4cc8c,reddit,delivery_returns_and_refunds,positive,0.9,False,not_wishlist_related,high,purchased,low,"i have started buying directly from the company ' s website... example got a cargo from superdry, 2 pairs of shoes and one full set track suit from adidas. co. in.. adidas delivery is as fast as amazon.. received the order next day.."
2606390ddc7f29b8d026,play_store,product_quality_and_accuracy,positive,0.85,False,not_wishlist_related,high,unknown,low,very nycc products my favorite app
268792bf9d1267341d59,play_store,pricing_discounts_and_value,positive,0.9,False,not_wishlist_related,high,purchased,low,the product i purchased is good in quality and and give best price than other platforms
27024ee04901fba4038a,play_store,pricing_discounts_and_value,positive,0.9,False,not_wishlist_related,high,unknown,low,awesome experience with myntra. good quality & reasonable prices is usp of this app
27481ef2b3fd2c81bd9d,play_store,product_quality_and_accuracy,positive,0.8,False,not_wishlist_related,high,unknown,low,jenuine products
2764501c97725435ac97,play_store,support_payment_and_app_experience,positive,0.9,False,not_wishlist_related,high,unknown,low,very good platform for online shopping
279b9c844591485d6749,play_store,delivery_returns_and_refunds,negative,0.9,False,not_wishlist_related,low,unknown,medium,my refund money got stuck and customer service told me to go to bank. so disappointed with this app
279fd85c340973268117,play_store,support_payment_and_app_experience,positive,0.7,False,not_wishlist_related,high,unknown,low,very nice
27cc61cebe2ef6462023,play_store,product_quality_and_accuracy,positive,0.85,False,not_wishlist_related,unknown,unknown,low,very good
28411386f465ac8874f2,play_store,support_payment_and_app_experience,negative,0.9,False,not_wishlist_related,unknown,unknown,high,this i don ' t like this app because it is not good what i have think and all over it is dilivery i s also not good sorry for this myntra app but really more people are not agree for this but it is good for only studio watch because you can learn how you can fashion your self as a model but i have not recieved this myntra any product. not only myntra all app are not working properly. my experience says that you have to download myntra for what i will don ' t say first download the app is it hlpfl
28554327e007523b7099,play_store,delivery_returns_and_refunds,negative,0.92,False,not_wishlist_related,unknown,unknown,high,"myntra is one of the worst online shopping apps i have ever used. the m - now delivery service is extremely disappointing. instead of delivering orders on time, they keep canceling them, causing inconvenience to customers. it feels like they are more interested in collecting customers ' money than providing reliable service. this has happened repeatedly, and the overall shopping experience has been very frustrating. i would not recommend this service unless they improve their delivery process."
28834d9140a44bfeb417,reddit,delivery_returns_and_refunds,negative,0.88,False,not_wishlist_related,unknown,unknown,high,"i was seeing this many times. one day it ’ s allowing, i add to cart and then next day it ’ s undeliverable. then i did a test with several cities, and it show delivery to one not that rest. weird shit."
2884856dcd47c9bf3f0c,play_store,product_quality_and_accuracy,positive,0.9,False,not_wishlist_related,unknown,unknown,low,amazing experience
28a0b15f7f26985408f8,play_store,pricing_discounts_and_value,negative,0.87,False,not_wishlist_related,unknown,unknown,high,this company puts out fake offers... and cancels orders after accepting them.
28cab29f4f7450816662,reddit,support_payment_and_app_experience,negative,0.75,False,not_wishlist_related,unknown,unknown,medium,the original comment says that the incident happened in their home country. so i ' m assuming it happened outside india. agar india ke mango management ne bola hotae fake hai toh case karne pe tagda paisa milta usko. but ye international wale scene mein compensation milna very difficult.
28f2688ae6b926917c7c,play_store,pricing_discounts_and_value,negative,0.8,False,not_wishlist_related,unknown,unknown,medium,sometimes product not worth the price
296fe6f8ad61452bad93,play_store,product_quality_and_accuracy,positive,0.88,False,not_wishlist_related,unknown,unknown,low,quality products are available
2982b297b298e2bdaa38,reddit,support_payment_and_app_experience,negative,0.78,False,not_wishlist_related,unknown,unknown,medium,true what an unnecessary feature
29a3ed3e0b6758c3f6a4,play_store,support_payment_and_app_experience,positive,0.9,False,not_wishlist_related,unknown,unknown,low,very nice n trustworthy app
29fae9337af3c0a359f5,play_store,support_payment_and_app_experience,positive,0.9,False,not_wishlist_related,unknown,unknown,low,very good app must use
2a2b8b2b3d396fbcff56,play_store,support_payment_and_app_experience,positive,0.9,False,not_wishlist_related,unknown,unknown,low,experience is good with myntra always
2a84ed56f0f4ea912a06,play_store,support_payment_and_app_experience,positive,0.9,False,not_wishlist_related,unknown,unknown,low,always great experience with
2a910db1b42b9e9c9462,play_store,support_payment_and_app_experience,positive,0.9,False,not_wishlist_related,unknown,unknown,low,it ' s so nice
2aa0f21f4ae669dff28f,play_store,support_payment_and_app_experience,positive,0.9,False,not_wishlist_related,unknown,unknown,low,"one of the best online shopping apps, great experience"
2aa6af9876862ac5e6b3,play_store,size_fit_and_availability,negative,0.85,False,not_wishlist_related,low,abandoned,high,do not buy clothes in myntra size is not showing on clothes they deliver local clothes.... please don ' t buy on myntra.. no return... it ' s choor app
2adced0a1148e4db34e7,reddit,delivery_returns_and_refunds,negative,0.8,False,not_wishlist_related,unknown,unknown,medium,exactly! the platform and convenience fees could easily come down if those idiots at myntra didn ' t send 4 different guys on 4 different days to deliver orders and pickup the returns. they can do it all at once. or atleast give the customers the option to choose their products to be delivered together.
2afa3a5d3b8e7cda542d,play_store,delivery_returns_and_refunds,positive,0.9,False,not_wishlist_related,unknown,unknown,low,"great shopping app! easy to use, fast delivery, genuine products, and smooth return process. overall a very good experience. highly recommended! """
2b49ce389a6842e943c1,play_store,support_payment_and_app_experience,positive,0.9,False,not_wishlist_related,unknown,unknown,low,experience was very nice
2b519be0e5f4c3f2788b,play_store,support_payment_and_app_experience,negative,0.9,False,not_wishlist_related,unknown,unknown,medium,"i have problem with my rewards section im not getting anything, from last three days whyy, my account is having glitch"
2b6a8404663808f30a1b,play_store,support_payment_and_app_experience,negative,0.9,False,not_wishlist_related,unknown,unknown,high,seems like myntra is in no mood to deliver customer service but just exist... delivering all used clothes plus stinky... n old too... may be giving hints not to shop with u again
2bcd82952b2990063052,play_store,product_quality_and_accuracy,positive,0.95,False,not_wishlist_related,high,unknown,low,good products at reasonable prices.
2c2cafd3834642a40139,play_store,product_quality_and_accuracy,positive,0.95,False,not_wishlist_related,high,unknown,low,""" myntra se shopping ka experience hamesha ki tarah bohot achha raha. products ki quality top - notch hai, delivery time par ho gayi aur packaging bhi badiya thi. trendy collection ke liye myntra best app hai! """
2c5212ebc6196123278f,play_store,product_quality_and_accuracy,positive,0.8,False,not_wishlist_related,unknown,unknown,low,excellent
2d1757dc5e89d6a08344,play_store,product_quality_and_accuracy,positive,0.9,False,not_wishlist_related,high,unknown,low,"i love to shop with myntra, the product are genuine and quality is up to mark"
2d306e53837937d761a2,play_store,support_payment_and_app_experience,positive,0.9,False,not_wishlist_related,unknown,unknown,low,amazing app
2d3b704bd905d2ac3d68,reddit,support_payment_and_app_experience,negative,0.7,False,not_wishlist_related,unknown,unknown,high,the worst!!
2d795d4b6c7ccc029a16,play_store,pricing_discounts_and_value,positive,0.9,False,not_wishlist_related,high,unknown,low,"order cheapest price, wear premium quality"
2da8f820a4da0b851e84,play_store,product_quality_and_accuracy,positive,0.9,False,not_wishlist_related,high,unknown,low,experience was nice.. all product are good and price is also good
2dc7fb8d6269b200dee0,play_store,support_payment_and_app_experience,positive,0.95,False,not_wishlist_related,unknown,unknown,low,overall very good service
2dc9a8206fb1d4bb7149,reddit,delivery_returns_and_refunds,negative,0.9,False,not_wishlist_related,high,abandoned,high,"yes, a similar thing happened to me as well. i was eyeing a mango shirt for sometime and ordered when it was on discount but they just cancelled it."
2dfef8961d3425c4bb40,play_store,product_quality_and_accuracy,positive,0.9,False,not_wishlist_related,high,unknown,low,quality of fabric is amazing always
2e929c10a0d3081731e0,play_store,product_quality_and_accuracy,positive,0.9,False,not_wishlist_related,high,unknown,low,best quality and super service
2ea7000d1d6116cb6b09,play_store,delivery_returns_and_refunds,negative,0.95,False,not_wishlist_related,low,abandoned,high,worst ever. delivered my product somewhere else and not refunding my. money i am tired of calling everyday as i never recived the product. customer service is worst. never ordering again and deleting the app straight away. myntra refund my money or get me my product.
2f3dbea2025e4160ac7e,reddit,product_quality_and_accuracy,negative,0.9,False,not_wishlist_related,high,abandoned,high,whoa! i always felt that there was something fishy about the mango items being sold at myntra because the quality is subpar and i ’ ve had to return most of the mango items that i ’ ve ordered from there so i decided to just order directly from the actual mango website and believe you me - the quality was just superb and there was a clear difference between the quality.
2f4e59cb784f1b5b70a8,play_store,support_payment_and_app_experience,positive,0.8,False,not_wishlist_related,high,purchased,low,good shopping experience
2f9cff98c7c9acd86eaf,reddit,support_payment_and_app_experience,neutral,0.7,False,not_wishlist_related,unknown,unknown,low,""" unfortunately your comment on r / indianfashionaddicts was automatically removed because your account has low karma. we allow accounts with at least 100 comment karma to participate here. we do this in order to weed out trolls, creeps and spam. in the meanwhile you can explore reddit and build your karma. * i am a bot, and this action was performed automatically. please [ contact the moderators of this subreddit ] ( / message / compose /? to = / r / indianfashionaddicts ) if you have any questions or concerns. *"
2ff83df7fc5000ed8adf,play_store,support_payment_and_app_experience,positive,0.9,False,not_wishlist_related,high,purchased,low,excellent app my myntra app
30aef4158c68ac2a46b1,play_store,product_quality_and_accuracy,positive,0.9,False,not_wishlist_related,high,purchased,low,excellent experience.. product qualifies are very good
31822f136cd6e73d92b0,play_store,delivery_returns_and_refunds,positive,0.9,False,not_wishlist_related,unknown,unknown,low,"fast delivery, lastest fashion"
319a4f4f062f22019ec4,play_store,product_quality_and_accuracy,positive,0.9,False,not_wishlist_related,high,purchased,low,number one myntra no risk.. undoubtedly purchased continously... without hasitate
3254dea18e84a9852141,play_store,pricing_discounts_and_value,positive,0.9,False,not_wishlist_related,high,purchased,low,"i really love shopping from myntra. it provides good quality stuff in low budget, and the offers, coupons it provides to their customers are amazing."
325d1fd4e39524f8f0f5,play_store,product_quality_and_accuracy,positive,0.9,False,not_wishlist_related,unknown,unknown,low,i really like the product of myntra
32ad63af1153816dba0c,play_store,product_quality_and_accuracy,positive,0.9,False,not_wishlist_related,unknown,unknown,low,good product quality
32c2fcb667f4efcbf2d4,play_store,support_payment_and_app_experience,positive,0.9,False,not_wishlist_related,unknown,unknown,low,amazing app... product is amazing... wow
32cd74929ae1a73a5422,app_store,support_payment_and_app_experience,positive,0.9,False,not_wishlist_related,unknown,unknown,low,i have been using this app for last 7 years and i have never regretted it
32e6b38ffa3b28d8c6fd,reddit,support_payment_and_app_experience,positive,0.9,False,not_wishlist_related,unknown,unknown,low,yes please
33085b4235b3e832ea3b,play_store,delivery_returns_and_refunds,negative,0.9,False,not_wishlist_related,low,abandoned,high,"myntra done fraud with me. their delivery system is worst. i haven ' t received a product, but it has marked as delivered. worst experience with myntra."
336c7fcc4a1531ad5113,play_store,support_payment_and_app_experience,positive,0.9,False,not_wishlist_related,unknown,unknown,low,the app is very nice
33c007374d9688d188ef,play_store,product_quality_and_accuracy,positive,0.9,False,not_wishlist_related,unknown,unknown,low,excellant products and good service
33f75c8f50f6b5ca4345,play_store,support_payment_and_app_experience,positive,0.9,False,not_wishlist_related,unknown,unknown,low,wonderful experience
3473c06361150afc2a71,play_store,product_quality_and_accuracy,positive,0.9,False,not_wishlist_related,unknown,unknown,low,i like the most about myntra is about quality and trust
347ac35229bc02b014dc,reddit,delivery_returns_and_refunds,neutral,0.9,False,not_wishlist_related,unknown,unknown,low,"if the product od marked returned without the guy picking it up, doesn ' t it mean that you get the refund + keep the product?"
347fe389ef3da4388700,play_store,pricing_discounts_and_value,positive,0.9,False,not_wishlist_related,unknown,unknown,low,awesome price and you get everything
3488c09782836a6fb105,play_store,support_payment_and_app_experience,positive,0.9,False,not_wishlist_related,unknown,unknown,low,best app to purchase anything it is simple to buy and product is delivered earlier which is very useful and quality of product are superb
34ae980dfbf052988f62,play_store,support_payment_and_app_experience,positive,0.9,False,not_wishlist_related,unknown,unknown,low,very good app
34b206e2a0c9cbf38f2f,reddit,delivery_returns_and_refunds,negative,0.9,False,not_wishlist_related,unknown,unknown,medium,"someone in ur pincode area has messed up, so i asked myntra people they said people cheat like do cod n then return or return bad items."
34ed2f6febf469c49b40,play_store,product_quality_and_accuracy,positive,0.9,False,not_wishlist_related,unknown,unknown,low,"the product quality and look is just as same as i reviewed before placing the order and as per my expectations, i would highly recommend to go for it if you are looking for office usage. it gives a very premium look but the only thing was that i was expecting my esbeda handbag into an esbeda boxing or packaging, but overall i recieved the product safely and packed in myntra packaging. thankyou"
35389296e51e455d12c3,reddit,product_quality_and_accuracy,negative,0.9,False,not_wishlist_related,unknown,unknown,high,today i received my order from rubans and the product was completely different. i mean meesho does this types of shit but myntra is doing this shit? sending completely wrong product and brand like rubans? it is really shameful
35702ceeae23f49b253e,play_store,support_payment_and_app_experience,positive,0.9,False,not_wishlist_related,unknown,unknown,low,good platform
3634883471ec3ee5e51a,reddit,delivery_returns_and_refunds,negative,0.8,False,not_wishlist_related,unknown,unknown,high,i got the cutest pair of sneakers from there. unfortunately they got stolen in 2019 and jabong also disappeared by then
367b029cb4765d3f4a15,play_store,product_quality_and_accuracy,positive,0.9,False,not_wishlist_related,unknown,unknown,low,"wide range of brands, from budget to premium."
36be1bd2e9bea9914d5a,play_store,pricing_discounts_and_value,positive,0.9,False,not_wishlist_related,unknown,unknown,low,good offers
36c71b0a8b6961849717,play_store,product_quality_and_accuracy,positive,0.9,False,not_wishlist_related,unknown,unknown,low,nice collection
371c45bb990d54f8ad9b,play_store,product_quality_and_accuracy,positive,0.9,False,not_wishlist_related,unknown,unknown,low,too goooddddd!!!!!
378f338c12f2e5c8b570,play_store,delivery_returns_and_refunds,negative,0.95,False,not_wishlist_related,unknown,unknown,high,"i ordered a sujata mixer grinder juicer from myntra, but they delivered an old product in old and damaged packaging. i raised a return request immediately, but for the last 17 days myntra has been showing "" return pickup failed, "" while delhivery keeps marking it as "" failed rvp qc "" or "" failed qc "" or "" no one available "" even though no pickup executive has ever visited my address or called me. false updates and poor customer support have completely destroyed my trust in both myntra and delhivery."
37a736e3566a98c014d1,play_store,delivery_returns_and_refunds,negative,0.9,False,not_wishlist_related,unknown,unknown,high,आज कल डिलीवरी बाय v kr रह ह सब पकट का सामान चज कर दत ह अब कपनी मानन को तयार नही होता ह उनक दवारा कहा जाता ह कि मान सामान सही भजा था य अधिकतर myntra pr ho raha hai hai सबस ह हर सामान का डिलीवरी हो सामान सही तो कसटमर ल नही तो सम रिटरन ल क जाए डिलीवरी बाय उस बाद म कयो रिटरन कर कसटमर कपनी दोनो का खराब होता ह कपनी क सभी बड अधिकारी कम म मिल ह कस का खराब होता ह कपनी क सभी बड अधिकारी कम म मिल ह कसटमर को लटा जा रहा ह
37c4314a9303c6ee6660,play_store,delivery_returns_and_refunds,negative,0.9,False,not_wishlist_related,unknown,unknown,high,returning policy bekar hai. worst app
37fa4af8a8b89bec6147,play_store,product_quality_and_accuracy,positive,0.9,False,not_wishlist_related,high,unknown,low,this app product is very good i am satisfied to buy the product
380aa6cd1d013e10ebf2,play_store,product_quality_and_accuracy,positive,0.8,False,not_wishlist_related,unknown,unknown,low,my favorite online shopping app because every product quality is
382d0b2578648f59740c,reddit,delivery_returns_and_refunds,negative,0.9,False,not_wishlist_related,low,abandoned,high,my last 4 orders have been cancelled without any explanation. they give these amazing deals on mango clothing but now they just cancel all these orders
385d7e35becd29bc821a,play_store,product_quality_and_accuracy,positive,0.6,False,not_wishlist_related,unknown,unknown,low,much better
38b9712310cf57e32374,reddit,product_quality_and_accuracy,negative,0.8,False,not_wishlist_related,low,abandoned,medium,exactly. that ' s the thing with clothes. gotta get a nice feel of the fabric before buying it. once ordered a set of track pants from myntra that were made of a thinner fabric than the one used on a shirt meant for a hot beach day.
38d5b115616eabe23ded,reddit,size_fit_and_availability,negative,0.8,False,not_wishlist_related,low,abandoned,medium,also this one conditioner that i ' ve always been buying from them for years is suddenly not serviceable to my pincode? it ' s not even some hifi brand it ' s loreal ( not the professional series )
38e06ec3c5555a30075b,play_store,pricing_discounts_and_value,positive,0.8,False,not_wishlist_related,high,unknown,low,very good app & offer briliant
38fbce990b658cf72ec3,play_store,support_payment_and_app_experience,positive,0.8,False,not_wishlist_related,high,unknown,low,good experience with myntra withing last 6 - 7 years...
3a261fc03b84c88b8401,play_store,product_quality_and_accuracy,positive,0.7,False,not_wishlist_related,high,unknown,low,brilliant
3a83ab4e5f24ae36462e,play_store,product_quality_and_accuracy,negative,0.9,False,not_wishlist_related,low,abandoned,high,fake apps fake product
3a8d10cde845149610d2,play_store,product_quality_and_accuracy,positive,0.8,False,not_wishlist_related,high,unknown,low,good smell and hope for good results too package also good
3a9851e3cc7d0f6d2fa6,play_store,product_quality_and_accuracy,positive,0.9,False,not_wishlist_related,high,purchased,low,find best quality products. always deliver products on time best service
3ae769becb31467da1a1,play_store,pricing_discounts_and_value,neutral,0.7,False,not_wishlist_related,medium,unknown,low,good but heigh budget products
3aeb9a71cd3d8dd08dc4,play_store,support_payment_and_app_experience,positive,0.95,False,not_wishlist_related,high,purchased,low,"i ' ve had a great shopping experience with myntra. the app is easy to use, offers a wide variety of fashion brands, and the product quality is generally excellent. delivery is usually on time, and returns and refunds are smooth and hassle - free. i also like the frequent discounts and deals, which make shopping more affordable. overall, it ' s one of the best online shopping apps for fashion. highly recommended!"
3b41cc094d58564d1338,play_store,support_payment_and_app_experience,positive,0.9,False,not_wishlist_related,high,purchased,low,best plateform for shopping
3b42f8d2f93fdd917c98,play_store,product_quality_and_accuracy,positive,0.9,False,not_wishlist_related,high,purchased,low,very nice and branded quality
3b50a10111591dea536e,play_store,support_payment_and_app_experience,positive,0.8,False,not_wishlist_related,high,purchased,low,easy process
3b7f939c87f5f9ae05ce,app_store,product_quality_and_accuracy,positive,0.85,False,not_wishlist_related,high,purchased,low,very good rakhi. my bhaiya bhabhi liked it
3b8890b63a34c3d24a01,play_store,delivery_returns_and_refunds,positive,0.9,False,not_wishlist_related,high,purchased,low,i had best experience in buying branded products and returning if there are size issues or product is not up to the mark. refund is also quick
3b8e47c083e850b09b70,play_store,pricing_discounts_and_value,positive,0.85,False,not_wishlist_related,medium,unknown,low,reasonable price in all brands nice.
3b8e63192ccab9f10bb2,play_store,product_quality_and_accuracy,negative,0.9,False,not_wishlist_related,low,abandoned,high,2 secund time very bed experience all products your platform quality very bed please maintain your service product and price images and discount you are totally miss guide all costumer i am forgot your service please your future services better than all products surat supplier that is all surat supplier 100 % chiting thank you for us
3bac83e713ca77fc3ecb,play_store,pricing_discounts_and_value,positive,0.9,False,not_wishlist_related,medium,unknown,low,1st order discount is ossem
3bbbfb5e6dd687af9ed7,play_store,product_quality_and_accuracy,positive,0.9,False,not_wishlist_related,high,unknown,low,awesome quality fast delivery and friendly staffs
3bd46d00de2ccc71b6b4,reddit,delivery_returns_and_refunds,negative,0.85,False,not_wishlist_related,low,unknown,high,"& gt ; not serviceable at your pincode firstly i have missed many deals and flash sales ( plus deals have been meh since the last few sales in most platforms )..... then few times, by chance if i see something decent, this amazing message keeps happening... once sale is over suddenly my pincode becomes serviceable again.... as if they think i have moved to mars during sale period ps - to all ecommerce platforms india, puhleeze.... no need to spend ur budget on signing up movie stars or celebrities for ads.... pls spend it instead on quality checks, customer service, enhanced customer experience, etc eta - apologies for multiple edit, my autocorrect keeps fixing things that don ' t need to be fixed while ignoring glaring typos"
3c33cc45ea36873fac04,play_store,product_quality_and_accuracy,positive,0.9,False,not_wishlist_related,high,unknown,low,excellent performance
3c5bc8a740b5fc270c85,play_store,delivery_returns_and_refunds,negative,0.9,False,not_wishlist_related,low,unknown,high,"myntra are really ripping people off ; i bought an item for ₹591, but the refund i received was only ₹558"
3cbc71ca9f002529749b,play_store,pricing_discounts_and_value,positive,0.9,False,not_wishlist_related,medium,unknown,low,a very affordable app for online shopping..
3cbd74a880d75b7e4998,reddit,product_quality_and_accuracy,negative,0.85,False,not_wishlist_related,low,unknown,medium,"yup, myntra is trash. try ajio."
3d03c4fa4b2bc6a6a593,play_store,pricing_discounts_and_value,negative,0.85,False,not_wishlist_related,low,unknown,medium,delivery fees is too high
3d5da64ed15229c0be75,play_store,product_quality_and_accuracy,positive,0.9,False,not_wishlist_related,high,unknown,low,good quality product
3e1b06c84cff2a713e00,app_store,support_payment_and_app_experience,positive,0.9,False,not_wishlist_related,high,unknown,low,nice experience
3e30e586266ef07cbee2,play_store,product_quality_and_accuracy,neutral,0.4,False,not_wishlist_related,unknown,unknown,low,very
3e35102d4cedc47cf431,reddit,support_payment_and_app_experience,negative,0.8,False,not_wishlist_related,low,unknown,medium,"agreed. myntra is boring and no matter what you buy from there at least 5 people already have it when you ' re at the station lol. i ' ve started using brand ' s app directly for shopping. lifestyle, pantaloons, westside, max, h & amp ; m apps directly for ordering online."
3e42233357ff1b25043f,play_store,product_quality_and_accuracy,positive,0.9,False,not_wishlist_related,high,unknown,low,amazing products
3e619d56bfdb0e3cd71a,reddit,product_quality_and_accuracy,negative,0.8,False,not_wishlist_related,low,unknown,medium,yess i was looking for sarees on myntra and most of the products looked cheap and outdated.
3e994b8ad11b4b664282,reddit,support_payment_and_app_experience,positive,0.8,False,not_wishlist_related,high,unknown,low,have you tried nykka fashion app? i ’ ve been buying from there for a while and like it.
3ec8d2428ae9f515b2c5,play_store,delivery_returns_and_refunds,negative,0.8,False,not_wishlist_related,unknown,unknown,medium,the delivery date is not fixed
3efd7607168e693cd7ea,play_store,size_fit_and_availability,positive,0.7,False,not_wishlist_related,high,purchased,low,bohot he accha app hai maine ek track pants order kiya tha but wo meko chota pda size and maine return complaint bina jyada kuch sawaalo ke mereko return de diya aur delivery bhi jldi hui
3f013a533bafb852bb32,app_store,support_payment_and_app_experience,positive,0.9,False,not_wishlist_related,high,unknown,low,such an amazing platform to buy online clothing more convenient and easy to access
3f1d6eedcccf354cc8b8,play_store,product_quality_and_accuracy,positive,0.9,False,not_wishlist_related,high,unknown,low,awesome products
3f27e3ffd77b6860a508,reddit,pricing_discounts_and_value,negative,0.8,False,not_wishlist_related,low,unknown,medium,everything seemed very expensive to me
3f46f318d8d5ee7afc18,play_store,support_payment_and_app_experience,negative,0.9,False,not_wishlist_related,unknown,unknown,high,worst service
3f4cd437f45c412fa1d4,reddit,size_fit_and_availability,negative,0.85,False,not_wishlist_related,low,abandoned,high,absolutely! that is exactly the reason why i avoid myntra for clothes now and prefer offline shopping.
3fa0469399e244770ffb,reddit,delivery_returns_and_refunds,negative,0.9,False,not_wishlist_related,low,abandoned,high,"this is happening alot, actually it is a strategy to show low price and gather public... i ’ ve tried 6 different pin code for items that weren ’ t available for delivery at my place, so i tried bhopal, indore, delhi, lucknow and gwalior as i visit these places but they don ’ t deliver any where."
3fcf073aacebb472018e,play_store,support_payment_and_app_experience,positive,0.95,False,not_wishlist_related,high,purchased,low,easy to purchase any product.
3fdc4fe50ee34bb529ae,reddit,support_payment_and_app_experience,negative,0.9,False,not_wishlist_related,low,abandoned,high,total scam
4015b145ca8c428ebbef,play_store,delivery_returns_and_refunds,negative,0.9,False,not_wishlist_related,low,abandoned,high,worst customer service ever since a month.. i hv been placing orders since a mnth they not even delivering the products... if the products were delivered im not able to exchange as the product doesn ' t fits me... too pathetic pathetic customer service.. actually i would like to - ve review but it was not possible... very pathetic unacceptable service from dirty myntra
4020702d897012adecff,play_store,support_payment_and_app_experience,positive,0.85,False,not_wishlist_related,high,unknown,low,nice app and branded products are there which are very beautiful
4058d79cccbf425e9c59,reddit,pricing_discounts_and_value,negative,0.9,False,not_wishlist_related,low,unknown,high,"i generally buy jeans and tops from lesser - known online sites ( discovered via reddit ) or offline stores. i actually prefer shopping in person because i make a day out of it... inviting friends, dressing up, and trying on many things at once. now that i ’ m preparing for a wedding, i ’ m looking for kurta and pajama options. i ’ m finding myntra incredibly boring and not at all cost - friendly. for instance, while amazon might charge 5 rupees for a service fee, myntra charges 20 – 50!! even when you decide to go for slightly more expensive options ( 2k + ), the fabric often turns out to be completely polyester. i know people prefer myntra for the variety and ease of returns, but it isn ' t true variety.... everyone ends up wearing the same thing. plus, the quality is poor. items fade within a year if you use it often. it really contributes to useless overconsumption and fast fashion. it ’ s barely even ' fashion ' at this point, as unique styles are overpriced on myntra, whereas other sites offer much better value for the money!!"
406a6be097a4988d78e7,play_store,product_quality_and_accuracy,positive,0.8,False,not_wishlist_related,medium,unknown,low,good febric
40842a321e4d79433999,play_store,product_quality_and_accuracy,positive,0.8,False,not_wishlist_related,medium,unknown,low,thank - you mantra nice product
40ac8f46db84e0658ac5,reddit,delivery_returns_and_refunds,positive,0.9,False,not_wishlist_related,high,purchased,low,same here. hazzle free returns and on time delivery. i have been lucky and happy with them.
4177a7f25e6fcab7c12c,reddit,delivery_returns_and_refunds,negative,0.95,False,not_wishlist_related,low,abandoned,high,"myntra kept me waiting for a dress i ordered for 2 months. they said just wait for an update for weeks and never ever gave me an update. after two months they just canceled the order and gave a 100 rs coupon valid for just 1 month on purchase of above rs 500. like it was the most ridiculous experience. i never used that coupon and have stopped shopping on myntra. really felt so disrespected for them keeping me waiting for so long, giving false hope that they will deliver the item."
41d5eb260064ae6f0ac1,play_store,product_quality_and_accuracy,negative,0.9,False,not_wishlist_related,low,unknown,high,"i ordered a duffle bag, after using it for two times the handle strap got torn when i asked for warranty details or for exchange they keep on saying the same thing - the other customers haven ' t complained about damage so they will not be able to provide exchange, so i asked for warranty details they keep on sending the above message, very very bad experience and very bad customer service"
41dd07625475e3899242,reddit,support_payment_and_app_experience,neutral,0.7,False,not_wishlist_related,unknown,unknown,low,jabong is myntra. it was merged with myntra in 2016.
41f50242f6f98f1f913e,play_store,support_payment_and_app_experience,positive,0.9,False,not_wishlist_related,high,purchased,low,easy to use i recommend you to install app
427c71e8a02bb7f871ad,play_store,delivery_returns_and_refunds,positive,0.9,False,not_wishlist_related,high,purchased,low,i am myntra customer since the app was launched and i am truly satisfied with shopping and also with returns
42dc60d79fbfa32ea867,play_store,delivery_returns_and_refunds,positive,0.9,False,not_wishlist_related,high,purchased,low,nice exchange and return service and best quality and best service
42f435631f206ac85ad3,play_store,support_payment_and_app_experience,positive,0.9,False,not_wishlist_related,high,purchased,low,nice app
43714234751ac3797f3a,play_store,product_quality_and_accuracy,positive,0.9,False,not_wishlist_related,high,purchased,low,beautiful necklace.
43b87a8ea6f745eb3402,play_store,product_quality_and_accuracy,positive,0.9,False,not_wishlist_related,high,purchased,low,"light weight,, beautiful light colour for fair colour girls, ladies,, less expensive,, very happy to buy.. thanks myntra,, thanks blue heaven"
43cf241e995aa162fe23,play_store,support_payment_and_app_experience,positive,0.9,False,not_wishlist_related,high,unknown,low,i love shopping through myntra.
43f5f1a0e32142a48b3f,reddit,support_payment_and_app_experience,negative,0.8,False,not_wishlist_related,unknown,unknown,low,oh! i keep selective apps on my phone and the ones i have doesn ’ t put the limit like ajio and others.
43fd76123ca7245df7ca,play_store,support_payment_and_app_experience,positive,0.9,False,not_wishlist_related,high,unknown,low,myntra fashion most most branded app and on of the best app
44067fb06b569a72d80c,reddit,support_payment_and_app_experience,neutral,0.7,False,not_wishlist_related,unknown,unknown,low,name the influencers then
44742182c1d49757c41c,play_store,support_payment_and_app_experience,positive,0.9,False,not_wishlist_related,high,unknown,low,veryyyy nice app
449a256f41ec827b4623,reddit,delivery_returns_and_refunds,negative,0.85,False,not_wishlist_related,low,unknown,high,"happend twice with me. ordered a dress from mango, supposed to be delivered on 22nd ( yesterday ), this morning i see in the app it says “ requested cancellation ”. they are saying the vendor is not able to fulfill hence we are cancelling!?? what the fuck!? i tried to order pumps from mango and it says “ added for only insiders ” i ’ m a freaking insider on myntra still facing this shit. you cannot add those shoes in your cart."
44d18b22257040b4fbd9,reddit,product_quality_and_accuracy,neutral,0.7,False,not_wishlist_related,unknown,unknown,low,check if it ’ s made in india or vietnam for asics shoes.
44d19dd1c061f0994656,play_store,product_quality_and_accuracy,positive,0.9,False,not_wishlist_related,high,purchased,low,"excellent products and worth for money, good quality loved the product! the fabric feels premium and the stitching is neat. looks even better in person than in the pictures. very happy with this myntra purchase!"
456dc95f0e6435eeffd4,play_store,support_payment_and_app_experience,positive,0.9,False,not_wishlist_related,high,unknown,low,good plateform
45d8525218ff168bc5d7,play_store,support_payment_and_app_experience,positive,0.9,False,not_wishlist_related,high,unknown,low,yess it ' s good
462238dc080615dcad2d,app_store,support_payment_and_app_experience,negative,0.9,False,not_wishlist_related,unknown,unknown,high,"it ’ s very frustrating when user has to follow up with support team every day but still didn ’ t got a positive reply, and delivery is 1 month delayed. very stupid support and worst app."
468f3c797800a00e7959,play_store,product_quality_and_accuracy,positive,0.9,False,not_wishlist_related,high,unknown,low,excellent app genuine product
46db39b748b509feebdd,play_store,product_quality_and_accuracy,positive,0.8,False,not_wishlist_related,high,unknown,low,exlant super quality
4769313ed9e0f3c3dd63,play_store,support_payment_and_app_experience,positive,0.8,False,not_wishlist_related,high,unknown,low,amazing app for online order perfect plzzzz use thiss app
477247488c5b4cdef50f,reddit,product_quality_and_accuracy,neutral,0.7,False,not_wishlist_related,unknown,unknown,low,hey i need loreal no hair cut leave in conditioner
47780a035ab9227c5c60,play_store,support_payment_and_app_experience,negative,0.8,False,not_wishlist_related,low,unknown,medium,cod nahi h
47b85e954ba5797ee3f2,play_store,product_quality_and_accuracy,positive,0.8,False,not_wishlist_related,high,unknown,low,genuine brands
4809eb7acdede9100c15,play_store,pricing_discounts_and_value,negative,0.9,False,not_wishlist_related,low,abandoned,high,"very disappointing. the products are often overpriced for the quality. i also used the "" play & win "" feature for 3 weeks. at first, i won small rewards regularly, but now i only get "" bad luck "" every time. it feels unfair and makes the feature seem misleading. overall, not a good experience."
482149d8404f7d455531,app_store,product_quality_and_accuracy,positive,0.9,False,not_wishlist_related,high,unknown,low,"the perfect fabric quality, received the exact fine quality product as seen in the images, value for money product, highly recommended for all age groups."
4839f3f3e045d0d7b83c,reddit,support_payment_and_app_experience,negative,0.8,False,not_wishlist_related,low,abandoned,high,"https : / / partners. myntrainfo. com / guys, is this a scam? has anyone used this?"
4843ab0773c9f1b5b799,reddit,wishlist_and_cart_reliability,negative,0.9,True,wishlist_reliability,unknown,unknown,high,it has a 1000 product limit which is so stupid! i have to go there and remove some products to keep wishlisting new ones ¡
486ae6bf9d5bc87b1bad,app_store,support_payment_and_app_experience,positive,0.8,False,not_wishlist_related,unknown,unknown,low,it ’ s a good app
486e483f1621c422792b,play_store,product_quality_and_accuracy,positive,0.9,False,not_wishlist_related,unknown,unknown,low,"genuine and high quality products, myntra is ordinarily extraordinary."
4896bcd81d5e64b50e91,reddit,delivery_returns_and_refunds,negative,0.95,False,not_wishlist_related,unknown,unknown,high,"absolutely pathetic service from myntra. this was my first order, and it will definitely be my last. i ordered nike sb shoes on * * 3rd july * * and paid in full because i needed them for my event. for the last * * 2 days * *, i ’ ve been constantly chasing updates. i even offered to collect the package myself from the delivery hub, but that wasn ’ t allowed either. what ’ s even more frustrating is that every time i contact customer support, i seem to know more about my order than they do. no one has a clear answer, no one takes responsibility, and all they keep saying is, * * “ please wait another 5 days for an update. ” * * an update? i already paid for the product. why should customers suffer because of your logistics failures? i ’ ve been mentally drained dealing with this. instead of being excited for my event, i ’ ve spent my time calling support and getting the same useless responses over and over again. customers pay on time, but myntra can ’ t deliver on time or provide basic customer support. this is not just a delay — it ’ s complete negligence and a terrible customer experience. * * 0 / 10 service. never ordering from myntra again on time or provide basic customer support. this is not just a delay — it ’ s complete negligence and a terrible customer experience. * * 0 / 10 service. never ordering from myntra again. * *"
48a012b59d851ad8296a,play_store,support_payment_and_app_experience,positive,0.85,False,not_wishlist_related,unknown,unknown,low,myntra one of my best shoping app
48e7f2751224d2b7d6ef,reddit,pricing_discounts_and_value,negative,0.8,False,not_wishlist_related,unknown,unknown,medium,and it ' s not even just myntra yk.... almost all retail platforms in india are going the same route.... bas 19 - 20 k fark hai
4905198e6ed1b83aea09,play_store,support_payment_and_app_experience,positive,0.8,False,not_wishlist_related,unknown,unknown,low,very good is my experience with this app nice
49183f5fc30826f36c7b,play_store,product_quality_and_accuracy,positive,0.85,False,not_wishlist_related,unknown,unknown,low,good app. par product acha laga jaldi bhejna. par check sahi ho dhanyabad
491e31d69c444881930a,play_store,pricing_discounts_and_value,neutral,0.7,False,not_wishlist_related,unknown,unknown,low,"many offers with affordable price, but quality wise ok"
498cfead6a3e6a5aac21,play_store,support_payment_and_app_experience,positive,0.9,False,not_wishlist_related,unknown,unknown,low,excellent experience
49adf72cde13284d41fa,play_store,product_quality_and_accuracy,positive,0.9,False,not_wishlist_related,unknown,unknown,low,very easy to use and clothes quality is really good
49d030c6b0f6ed8ff757,play_store,support_payment_and_app_experience,positive,0.9,False,not_wishlist_related,unknown,unknown,low,nice order myntra
4a26850267084e2453fd,reddit,support_payment_and_app_experience,negative,0.6,False,not_wishlist_related,unknown,unknown,medium,thought i was the only one facing this problem lol
4a3e6b4cac3c60cfd73c,play_store,product_quality_and_accuracy,positive,0.9,False,not_wishlist_related,unknown,unknown,low,always satisfied with good material
4a495589f0271e5d5a66,play_store,product_quality_and_accuracy,positive,0.9,False,not_wishlist_related,unknown,unknown,low,nice product nice smell and calming
4a7453ac3d78d187699a,play_store,support_payment_and_app_experience,positive,0.9,False,not_wishlist_related,unknown,unknown,low,very good experience on this platform
4ad8994015cf88e5ebef,play_store,support_payment_and_app_experience,positive,0.9,False,not_wishlist_related,unknown,unknown,low,useful aap thanx myntra
4adc41dcdec1bebb6c98,reddit,product_quality_and_accuracy,negative,0.9,False,not_wishlist_related,unknown,unknown,high,"damn, we can actually sue myntra for this as they mention on their website that they sell authentic clothing and brands."
4b1a2237fbefc4dbdc66,play_store,product_quality_and_accuracy,positive,0.9,False,not_wishlist_related,unknown,unknown,low,nic quality
4b439d5393192efdcdb5,play_store,support_payment_and_app_experience,positive,0.7,False,not_wishlist_related,unknown,unknown,low,very good result
4bb44ba52f8ca7896b35,app_store,product_quality_and_accuracy,positive,0.92,False,not_wishlist_related,high,unknown,low,amazing quality and delivery
4c0eab670c775636b162,play_store,delivery_returns_and_refunds,negative,0.95,False,not_wishlist_related,low,unknown,high,"no instant refund 4 - 5 days se refund ka wait kar raha hu magar 3 din me 3 bar customer care se bat kar liya, wo ek issue open kar dete hain or 1 hafte tak wait karne bolte hain. product wapas karo, magar paisa vapas aayega ya nahi, kab aayega pata nahi. instant refund policy achchha mazak hai"
4c7ebfa9a1283c48cd76,play_store,product_quality_and_accuracy,positive,0.93,False,not_wishlist_related,high,unknown,low,best quality till using want to order more
4c92cfd955abd29122bf,play_store,pricing_discounts_and_value,positive,0.9,False,not_wishlist_related,high,unknown,low,awesome deal always
4cab1353e774a96d50b2,play_store,product_quality_and_accuracy,positive,0.91,False,not_wishlist_related,high,unknown,low,product very good
4cf1f4ae2b043477149a,play_store,support_payment_and_app_experience,positive,0.88,False,not_wishlist_related,high,unknown,low,good app for shopping
4d6a19d25e9d2f2ad725,play_store,product_quality_and_accuracy,negative,0.94,False,not_wishlist_related,low,unknown,high,"best online shopping website. this is only platform where i found genuine products with fast returns / refunds. changing ratings to 2 as something changes recently and the experience is completely opposite, no difference now low quality flipkart and myntra."
4d7865094668da460420,play_store,product_quality_and_accuracy,positive,0.9,False,not_wishlist_related,high,unknown,low,good product
4dae0dddfdc2ced5b701,reddit,wishlist_and_cart_reliability,neutral,0.85,True,wishlist_reliability,unknown,unknown,low,they be like go and buy some wish listed products first. then come and save
4e24eaff36004a61bcbf,app_store,product_quality_and_accuracy,positive,0.92,False,not_wishlist_related,high,unknown,low,it ’ s superb
4e9385339e8783025994,play_store,product_quality_and_accuracy,positive,0.8,False,not_wishlist_related,high,unknown,low,super producted
4eb4efab1eaa9320da9f,play_store,product_quality_and_accuracy,positive,0.8,False,not_wishlist_related,high,unknown,low,very nice product
4eb6b1c73c92b32ef1c7,play_store,support_payment_and_app_experience,positive,0.9,False,not_wishlist_related,high,unknown,low,myntra is very good app and my favourite shopping app
4f409ec1637b34852a61,play_store,support_payment_and_app_experience,neutral,0.7,False,not_wishlist_related,unknown,unknown,low,i have been using myntra for a long time.
4ff1360b5b335572495c,play_store,support_payment_and_app_experience,positive,0.9,False,not_wishlist_related,high,unknown,low,i love this app
5025ebd5e6fdf764652d,play_store,pricing_discounts_and_value,positive,0.85,False,not_wishlist_related,high,unknown,low,such a good app where you can find items in affordable price
50a922d7fe95622a9de2,play_store,pricing_discounts_and_value,positive,0.8,False,not_wishlist_related,high,unknown,low,the shoe price is was very nice and app also
5152a695596855055a29,play_store,delivery_returns_and_refunds,positive,0.9,False,not_wishlist_related,high,unknown,low,fastest delivery
51559b2a13b3ceea0156,play_store,support_payment_and_app_experience,positive,0.9,False,not_wishlist_related,high,unknown,low,best experience
51b4d401cd2a9c34ab55,reddit,product_quality_and_accuracy,negative,0.8,False,not_wishlist_related,low,unknown,high,same here. i only wear pure cotton and pure linen. all those synthetic fabrics made from petroleum and plastics are literally cancer.
52485ce1738ea3c0dac0,play_store,support_payment_and_app_experience,positive,0.95,False,not_wishlist_related,high,purchased,low,"great shopping experience! the app is easy to use, there are plenty of options to choose from, and the delivery was on time. the product quality matched the description, and the packaging was neat. returns and refunds are also smooth and hassle - free. overall, i ' m very satisfied with my purchase and would definitely shop from myntra again."
52672aba19bdb12d3723,play_store,support_payment_and_app_experience,negative,0.9,False,not_wishlist_related,low,unknown,high,myntra ' s customer service team provides pathetic service.. myntra does not provide refund mostly for returned products and seems to do cheating at times.. myntra does not take any accountability for the products sold through their platform.. amazon is the best for me in my opinion.. myntra is not good..
52ad8a22ae779a04ca6d,reddit,support_payment_and_app_experience,negative,0.9,False,not_wishlist_related,low,abandoned,high,damn. this is way worse than what happened to me. never pay in advance. always choose cod. and the best solution would be to never order from myntra again!!
52d5320d8b4f3f8950a0,play_store,product_quality_and_accuracy,positive,0.8,False,not_wishlist_related,unknown,unknown,low,so amazing
53002c185d2be4711489,reddit,wishlist_and_cart_reliability,negative,0.9,True,wishlist_reliability,low,unknown,high,myntra doesn ’ t want me to wishlist the products. why? why is there a capping on whishlisting the items on myntra?? how does it make sense? what are you trying to achieve? you are literally losing out on a potential customer. no other shopping site does that. myntra won ’ t let me wishlist after a certain point of time. so annoying.
53558ae60a7d4231753b,play_store,support_payment_and_app_experience,positive,0.9,False,not_wishlist_related,high,purchased,low,i love this application delivery fast no fake product
5405aa4cce8c64a82b49,play_store,product_quality_and_accuracy,neutral,0.4,False,not_wishlist_related,unknown,unknown,low,products are so
543a832fd5e40f8566b1,play_store,support_payment_and_app_experience,negative,0.8,False,not_wishlist_related,low,unknown,medium,why would you send notifications at 1am daily? i took revenge by disabling the notifications
54419fb6ffb2f1d06a2b,play_store,product_quality_and_accuracy,positive,0.8,False,not_wishlist_related,unknown,unknown,low,best quality fashion
5473a5f8ed9d17650b19,reddit,delivery_returns_and_refunds,neutral,0.6,False,not_wishlist_related,unknown,unknown,low,did they take it back?
547ad2b351423f020266,play_store,delivery_returns_and_refunds,positive,0.9,False,not_wishlist_related,unknown,unknown,low,very nice app i get products with in 2 days
54982ba0e26fcb10476c,play_store,product_quality_and_accuracy,positive,0.8,False,not_wishlist_related,unknown,unknown,low,it ' s quality is good and etc
54b82399b5dc3d34cb33,play_store,pricing_discounts_and_value,positive,0.85,False,not_wishlist_related,unknown,unknown,low,this app have premium fashion items for low prices
54cceebf42d461060e6e,play_store,product_quality_and_accuracy,positive,0.8,False,not_wishlist_related,unknown,unknown,low,good and absolutely satisfying
554eab8c4320beca0ab5,reddit,support_payment_and_app_experience,neutral,0.5,False,not_wishlist_related,unknown,unknown,low,please link em
5591aadf8ef0001e7892,reddit,support_payment_and_app_experience,neutral,0.6,False,not_wishlist_related,unknown,unknown,low,""" unfortunately your comment on r / indianfashionaddicts was automatically removed because your account has low karma. we allow accounts with at least 50 combined karma to participate here. we do this in order to weed out trolls, creeps and spam. in the meanwhile you can explore reddit and build your karma. * i am a bot, and this action was performed automatically. please [ contact the moderators of this subreddit ] ( / message / compose /? to = / r / indianfashionaddicts ) if you have any questions or concerns. *"
560ed4aa33252f10cc26,play_store,product_quality_and_accuracy,positive,0.7,False,not_wishlist_related,unknown,unknown,low,well done shoping
5630828eff743daee6bb,play_store,support_payment_and_app_experience,positive,0.8,False,not_wishlist_related,unknown,unknown,low,super experience
566b7b3882eafa1d9c8f,app_store,delivery_returns_and_refunds,negative,0.95,False,not_wishlist_related,unknown,unknown,high,"the pickup service is extremely unreliable. no one came for the pickup, no one contacted me, yet the app showed “ pickup failed ” due to an internal issue. the biggest problem is customer support. queries are not answered properly, no timely action is taken, and refunds are unnecessarily delayed for the product already cancelled. customers have to repeatedly follow up for issues that should be resolved by myntra. very poor delivery, pickup, refund and customer support experience. myntra seriously needs to improve its after sales service and take responsibility for customer complaints."
569e1c0f1758f70933d8,reddit,pricing_discounts_and_value,negative,0.8,False,not_wishlist_related,unknown,unknown,medium,true.. they are wasting our time and energy over their so called sales
56fd04c6b28ea0fcb126,play_store,support_payment_and_app_experience,positive,0.9,False,not_wishlist_related,unknown,unknown,low,providing best service
5845dfae6d9070c00e9f,play_store,delivery_returns_and_refunds,positive,0.9,False,not_wishlist_related,unknown,unknown,low,item and delivery was very good
58600ef7f9d3c0256216,reddit,pricing_discounts_and_value,positive,0.9,False,not_wishlist_related,unknown,unknown,low,i agree but recently i got a really good deal on ponds facewash got the bigger packs x2 at 300 smth
586833057e877540b39f,play_store,support_payment_and_app_experience,positive,0.9,False,not_wishlist_related,unknown,unknown,low,most trusted online shopping apps
591fb752958d8ee37072,play_store,product_quality_and_accuracy,positive,0.9,False,not_wishlist_related,unknown,unknown,low,very nice achha product hai
594b7e8f5ff45e8ef6c7,play_store,support_payment_and_app_experience,positive,0.9,False,not_wishlist_related,unknown,unknown,low,"good service whenever the idea of shopping comes in mind, only myntra is the option."
59517a02aaa2552c1542,play_store,support_payment_and_app_experience,negative,0.85,False,not_wishlist_related,unknown,unknown,high,"overall good, but customer service is horrible, they don ' t have human beings to attend customer complaint on call, they have computerized customer care. talking with ai customer support was pathetic. it ' s big headache"
5a93d1aaaa97b576f223,play_store,support_payment_and_app_experience,positive,0.9,False,not_wishlist_related,unknown,unknown,low,best shopping options
5aab127159a2633e06aa,play_store,pricing_discounts_and_value,neutral,0.7,False,not_wishlist_related,unknown,unknown,low,i need more offers and coupons
5b0edf833419a66bc1b4,play_store,support_payment_and_app_experience,positive,0.9,False,not_wishlist_related,unknown,unknown,low,best fashion app
5b155b332010a3c433ef,play_store,product_quality_and_accuracy,positive,0.95,False,not_wishlist_related,high,unknown,low,this app is very usefull and the product of this app is very good quality i have mostly used this app and i loved it you must have this app
5b340c11c1e5f217d6b5,play_store,support_payment_and_app_experience,positive,0.9,False,not_wishlist_related,high,unknown,low,easy to order anything
5b3da6f5faea0179147b,play_store,delivery_returns_and_refunds,negative,0.9,False,not_wishlist_related,low,abandoned,medium,delivery is not available in some areas
5b4640cf7cd381a80f59,play_store,product_quality_and_accuracy,positive,0.95,False,not_wishlist_related,high,unknown,low,product is very soft and stretchable go for it guys
5b9b3b7fe5f0e48f5302,play_store,support_payment_and_app_experience,positive,0.9,False,not_wishlist_related,high,unknown,low,myntra fashion shoping app is the best
5bc6b115b6b772e0c1e0,play_store,product_quality_and_accuracy,positive,0.9,False,not_wishlist_related,high,unknown,low,very nice nd comfortable products
5bced90c97e9ddac0efa,play_store,pricing_discounts_and_value,positive,0.9,False,not_wishlist_related,high,unknown,low,cheap and best no other like this
5bdd2e9c77d9839646c9,play_store,support_payment_and_app_experience,positive,0.9,False,not_wishlist_related,high,unknown,low,best app for fashion shopping
5be6d46a268c54e088e7,play_store,support_payment_and_app_experience,positive,0.9,False,not_wishlist_related,high,unknown,low,best shoping app
5c28a2af8efe615a38d9,play_store,product_quality_and_accuracy,positive,0.9,False,not_wishlist_related,high,unknown,low,good and great
5cee942064e55f9c5621,reddit,product_quality_and_accuracy,negative,0.9,False,not_wishlist_related,unknown,unknown,high,yess. quality has really downgraded over past few years
5cf2b55adc1b8bfa88ba,reddit,delivery_returns_and_refunds,negative,0.9,False,not_wishlist_related,unknown,unknown,high,"100 %. the operational issues are on rise with myntra. every now and then a wrong delivery and it takes them ages to approve a return and another few decades to pick the product back up. i also feel the style of clothes has degraded. my feed ends up showing only formal / office wear genres. nothing fancy and cool, and don ' t even get me started on their dresses collection."
5cfff3fa14355d2dbcce,reddit,product_quality_and_accuracy,neutral,0.6,False,not_wishlist_related,unknown,unknown,low,it was always a hit and miss
5d0d88f7823574e290ce,reddit,product_quality_and_accuracy,positive,0.9,False,not_wishlist_related,high,purchased,low,yupp.. i ' ve only purchased accesories from meesho and absolutely fell in love
5d2d7793d56b29860250,play_store,support_payment_and_app_experience,positive,0.8,False,not_wishlist_related,unknown,unknown,low,nice application
5d3b9379349cf018071b,play_store,product_quality_and_accuracy,positive,0.8,False,not_wishlist_related,unknown,unknown,low,we get good product from here
5d62b33eb46567391a6f,play_store,delivery_returns_and_refunds,positive,0.9,False,not_wishlist_related,unknown,unknown,low,nice fast delivery super mind blowing
5d7e40cd9623fe11f4e6,play_store,support_payment_and_app_experience,positive,0.8,False,not_wishlist_related,unknown,unknown,low,happy wid myntra♥♥
5dc03a19b8a16636254b,play_store,product_quality_and_accuracy,positive,0.8,False,not_wishlist_related,unknown,unknown,low,i love this
5e492c4e0d0f5ddf5eae,play_store,product_quality_and_accuracy,positive,0.9,False,not_wishlist_related,unknown,unknown,low,quality is good / superb / excellent
5e7b8813b33f8ce0fd19,play_store,support_payment_and_app_experience,positive,0.9,False,not_wishlist_related,unknown,unknown,low,always satisfied this app
5ec9224acf262c365893,play_store,support_payment_and_app_experience,positive,0.9,False,not_wishlist_related,unknown,unknown,low,loved it best shopping app
5eca675c0658cb3d6787,reddit,support_payment_and_app_experience,negative,0.85,False,not_wishlist_related,unknown,unknown,high,myntra has become pure shite! last day opened a ticket for me saying will be resolved by 11th. at evening got a call from them saying we will pick up your product just you need to upload some more pictures to the link we ' ll send after the call ends. and when i opened the link it was all about how the interaction was and bla bla bla. and they closed the ticket as well. myntra is simply ghosting us knowing there are very few options like them. very very disappointing!!
5fff2403388bc3a337b0,reddit,size_fit_and_availability,negative,0.9,False,not_wishlist_related,unknown,unknown,high,and i thought it was only me! off lately i received 4 products with the incorrect size mentioned. when i would go back to exchange for the size that i originally ordered it would show size not in stock and then i am always only left with 1 option to refund the products and get the platform fee deducted for no reason!
60051d02e6e3da30bfcf,play_store,product_quality_and_accuracy,negative,0.9,False,not_wishlist_related,unknown,unknown,high,very baad koi bhi esh app se shopping mt kariyega customer ko froud banate galt product bejkar fer return ni lete esme to ye aap band kr dena chahiye block karooo
60faa8bf6d8241fccfac,reddit,product_quality_and_accuracy,neutral,0.8,False,not_wishlist_related,unknown,unknown,low,does scent of the extraordinary oil last?
6130defcf47a033815bb,play_store,support_payment_and_app_experience,positive,0.9,False,not_wishlist_related,unknown,unknown,low,nice app..
618f9dff529def7850ef,play_store,product_quality_and_accuracy,positive,0.9,False,not_wishlist_related,unknown,unknown,low,good quality and best fittings
61b7566dac66281a632b,play_store,product_quality_and_accuracy,neutral,0.8,False,not_wishlist_related,unknown,unknown,low,there is varities of product
61cb3adc257bcbd95ef4,play_store,product_quality_and_accuracy,positive,0.9,False,not_wishlist_related,unknown,unknown,low,it provides genuine products
61d24972ee39f2fbdc3b,play_store,delivery_returns_and_refunds,positive,0.9,False,not_wishlist_related,unknown,unknown,low,fast delivery good
6220ba39c2d984ac7fcc,reddit,pricing_discounts_and_value,negative,0.85,False,not_wishlist_related,unknown,unknown,medium,"all giant ecommerce platforms are adding this fee. ajio also started collecting the so - called "" platform fee "" flipkart is collecting secured packaging fee for electronic items."
62284325b24be01a294d,play_store,product_quality_and_accuracy,positive,0.8,False,not_wishlist_related,unknown,unknown,low,super outstanding
6239a5f64f2a9e5665fa,play_store,product_quality_and_accuracy,positive,0.85,False,not_wishlist_related,unknown,unknown,low,very good nice clothes
6289134fb85ba7a675f3,play_store,support_payment_and_app_experience,positive,0.9,False,not_wishlist_related,unknown,unknown,low,"2 : 53 × myntra india shop, pay,... rate this app post vasima shaikh the myntra app is an excellent platform for online shopping ; you can easily find all kinds of products here, and there are constantly various offers available. it consistently delights customers. furthermore, their delivery personnel deliver items right to your doorstep in a very professional manner, ensuring a hassle - free experience. all products on myntra are genuine"
62c9e949f09cec799b35,reddit,support_payment_and_app_experience,negative,0.8,False,not_wishlist_related,unknown,unknown,medium,shame them on twitter. only then they ' ll do something
62dce3af10f6703ce2cb,play_store,pricing_discounts_and_value,positive,0.9,False,not_wishlist_related,unknown,unknown,low,many great offers with perfect delivery experience luv this app so muchhhh
62ea9cced9c226cb316f,play_store,product_quality_and_accuracy,positive,0.85,False,not_wishlist_related,unknown,unknown,low,nice product
62f3585649856c9012b5,play_store,delivery_returns_and_refunds,negative,0.9,False,not_wishlist_related,unknown,unknown,high,myntra is scamming me my order not delivered but showing delivered very bad service please don ' t use myntra
6349a70e6dbf2a4e02f0,app_store,delivery_returns_and_refunds,positive,0.9,False,not_wishlist_related,unknown,unknown,low,excellent service
639d248cd569e5f5d8a7,play_store,support_payment_and_app_experience,positive,0.9,False,not_wishlist_related,unknown,unknown,low,a trustworthy app.
63b303418c3e6ffe87ce,play_store,support_payment_and_app_experience,positive,0.95,False,not_wishlist_related,unknown,unknown,low,"love the customer care, the app, the brands, everything!"
63fa5c651245b753d7fc,play_store,product_quality_and_accuracy,positive,0.9,False,not_wishlist_related,unknown,unknown,low,nice kurta set
640887227536e8ee7d50,play_store,product_quality_and_accuracy,positive,0.9,False,not_wishlist_related,unknown,unknown,low,very easy and product is very good quality
640e586ffd299d388cdd,play_store,support_payment_and_app_experience,positive,0.8,False,not_wishlist_related,unknown,unknown,low,better experience
641810d53ad43a2d234d,play_store,product_quality_and_accuracy,positive,0.6,False,not_wishlist_related,unknown,unknown,low,nice
642db177715556519404,play_store,support_payment_and_app_experience,positive,0.9,False,not_wishlist_related,unknown,unknown,low,really tha app was very useful
643e32ea96d9e84bddae,play_store,support_payment_and_app_experience,positive,0.85,False,not_wishlist_related,unknown,unknown,low,in my opinion myntra is that platform which aware people with latest and trending fesion.
64dc9c7d96f10deecfdf,play_store,support_payment_and_app_experience,positive,0.7,False,not_wishlist_related,unknown,unknown,low,excillent
6500e8e797fc4bad009b,reddit,product_quality_and_accuracy,positive,0.95,False,not_wishlist_related,unknown,unknown,low,yes it ' s amazing for my thin low porosity hair.. i mix it with their extraordinary oil serum and it makes my hair shiny and frizz free. i naturally have straight somewhat silky hair so this helps amplify it more
6530360e2687a9364d63,play_store,support_payment_and_app_experience,positive,0.9,False,not_wishlist_related,unknown,unknown,low,good plateform for online shopping
65563fed0e30e7e19b43,play_store,support_payment_and_app_experience,positive,0.9,False,not_wishlist_related,unknown,unknown,low,"best platform for purchasing beauty, skincare, fashion products"
657b3af2103b518d302f,play_store,product_quality_and_accuracy,positive,0.9,False,not_wishlist_related,unknown,unknown,low,products are the best on myntra nd delivery is also good
6582578baf605267e349,play_store,support_payment_and_app_experience,positive,0.9,False,not_wishlist_related,unknown,unknown,low,great app i just loving it
67666d43c7cec8072eee,app_store,support_payment_and_app_experience,positive,0.9,False,not_wishlist_related,unknown,unknown,low,nice qnd comfortable
677ed56ec47923cc29a8,play_store,support_payment_and_app_experience,positive,0.9,False,not_wishlist_related,unknown,unknown,low,awesome...
678f088d038cda3f559f,play_store,support_payment_and_app_experience,positive,0.9,False,not_wishlist_related,unknown,unknown,low,i ' m very happy
678f22d363420dba6fc9,reddit,support_payment_and_app_experience,positive,0.9,False,not_wishlist_related,unknown,unknown,low,how do you find in reddit?
6793d66cc48ee971f857,play_store,support_payment_and_app_experience,positive,0.9,False,not_wishlist_related,unknown,unknown,low,good place for shopping
67d797b97cefb0d8a11e,play_store,product_quality_and_accuracy,positive,0.9,False,not_wishlist_related,unknown,unknown,low,deliver good quality product
685aef16a63ff405f5d6,play_store,support_payment_and_app_experience,positive,0.9,False,not_wishlist_related,high,purchased,low,myntra never disappoints... my go to place for any online purchase. super happy
686cedcfaa8c23f40d39,play_store,support_payment_and_app_experience,positive,0.85,False,not_wishlist_related,high,purchased,low,myntrapps are very good apping full
6880ae136d4e96788d97,reddit,support_payment_and_app_experience,neutral,0.8,False,not_wishlist_related,unknown,unknown,low,"first talk to their customer care on call. if they don ' t help you, name and shame myntra on twitter. they should then reach out to you and hopefully solve your issue"
6884001a2015b29bac6e,reddit,support_payment_and_app_experience,neutral,0.6,False,not_wishlist_related,unknown,unknown,low,""" unfortunately your comment on r / indianfashionaddicts was automatically removed because your account has low karma. we allow accounts with at least 50 comment karma to participate here. we do this in order to weed out trolls, creeps and spam. in the meanwhile you can explore reddit and build your karma. * i am a bot, and this action was performed automatically. please [ contact the moderators of this subreddit ] ( / message / compose /? to = / r / indianfashionaddicts ) if you have any questions or concerns. *"
6894e46ee989d6f591c4,play_store,pricing_discounts_and_value,neutral,0.7,False,not_wishlist_related,unknown,unknown,low,the option for spinning and getting myncash is not available for everyone overall a decent aap for fashion
689b9170300a9f44d87a,play_store,support_payment_and_app_experience,positive,0.9,False,not_wishlist_related,high,purchased,low,good app for shopping and assesories
68ecf27fa13505665dc7,play_store,support_payment_and_app_experience,positive,0.9,False,not_wishlist_related,high,purchased,low,very nice service
6903ea7083f51b799a33,play_store,product_quality_and_accuracy,positive,0.9,False,not_wishlist_related,high,purchased,low,i have always found genuine products whenever i ordered
692f8e9d273077806ef6,play_store,support_payment_and_app_experience,positive,0.9,False,not_wishlist_related,high,purchased,low,fantastic experience while placing my first order.
6934460e2579c121f660,play_store,product_quality_and_accuracy,positive,0.9,False,not_wishlist_related,high,purchased,low,nice product and fit
6944094c918c0b5a70c4,play_store,delivery_returns_and_refunds,positive,0.9,False,not_wishlist_related,high,unknown,low,"easy shopping and returns, amazing products and variety"
69520906103231faba9e,play_store,support_payment_and_app_experience,positive,0.8,False,not_wishlist_related,high,unknown,low,thanks for myntra
69bb156279cd3e6d080f,app_store,product_quality_and_accuracy,positive,0.9,False,not_wishlist_related,high,unknown,low,just love it
69fb2e03215437793d98,play_store,product_quality_and_accuracy,negative,0.95,False,not_wishlist_related,low,abandoned,high,"man today i ordered 2 pair of shoes and received only one pair pair of shoes, he took the whole money saying it is the full order and the shoes were for roadster but it was duplicate and used has well, the tag was off, and what i have observed is they are selling more duplicate iteams in myntra now a days, previously i ordered hrx clogs and got some other brand insted some local one"
6a5bca7af7b9c0df91c8,play_store,support_payment_and_app_experience,positive,0.85,False,not_wishlist_related,high,unknown,low,very good app and good products are there
6a7811e769d8162f4a79,play_store,delivery_returns_and_refunds,negative,0.9,False,not_wishlist_related,low,abandoned,high,worst experience ever. i ordered a shirt and they delayed it for 3 days and i contacted the customer care and the very next day myntra cancelled my order. nykaa and ajio are better than mantra. this needs to be resolved..
6a99baff0a0df7020e8c,play_store,delivery_returns_and_refunds,negative,0.8,False,not_wishlist_related,low,postponed,medium,easy to shoping and but delivery is getting delayed
6aab82afeb1f0808d9fe,play_store,product_quality_and_accuracy,positive,0.9,False,not_wishlist_related,high,unknown,low,always gives the best product
6b103151fb92e1e2fc8f,play_store,support_payment_and_app_experience,positive,0.85,False,not_wishlist_related,high,unknown,low,good service
6b47228d3c3d03ec1c9f,play_store,delivery_returns_and_refunds,positive,0.9,False,not_wishlist_related,high,unknown,low,good one... and getting a good products faster and easier
6b5417e84f522b60a06a,play_store,support_payment_and_app_experience,positive,0.9,False,not_wishlist_related,high,unknown,low,myntra is the best
6b85312c3ede82c0dbd7,reddit,support_payment_and_app_experience,positive,0.8,False,not_wishlist_related,unknown,unknown,low,always has been
6b96818a53beeddd04a2,reddit,pricing_discounts_and_value,negative,0.95,False,not_wishlist_related,low,unknown,high,"i was on myntra last night and the lakme eyeshadow stack was for on discount for rs 335 and then additional coupon of rs 120 and i was so happy like wow good deal, i just wanted to confirm the shade was what it looked like so went to check swatches. literally 10 minutes later the coupon n bank offer was gone. not to mention the ' not serviceable at your pincode ' nonsense that happens so frequently, and always for discounted products."
6bc6754dd49c3d72cc88,reddit,delivery_returns_and_refunds,negative,0.9,False,not_wishlist_related,low,unknown,high,"i get your point, and understand when companies blacklist customers when you almost return everything you buy, but myntra is doing that for people who make reasonable number of returns as well. sometimes these returns could be just because of the poor quality of the product which is not the customers fault. policing every return is wild to me. and then there are times when they try to scam you by not picking up the return at all, or not sending clothes with labels and later rejecting the return because of missing labels, etc. a company can ' t be shady and righteous at the same time!"
6bcb437152bfa689f138,play_store,support_payment_and_app_experience,positive,0.85,False,not_wishlist_related,unknown,unknown,low,most beneficial app
6bfefaec054c688fbc99,play_store,support_payment_and_app_experience,positive,0.9,False,not_wishlist_related,high,unknown,low,my experience with myntra is very good from ordering to receiving everything is on time and service is best for me
6c08fee9b537de0d699b,play_store,product_quality_and_accuracy,positive,0.9,False,not_wishlist_related,high,unknown,low,genuine product affordable price
6c5b21acb303cb15efaf,reddit,delivery_returns_and_refunds,negative,0.95,False,not_wishlist_related,low,unknown,high,"so true, ii ’ ve stopped ordering from myntra. i ’ ve had so many bad experiences with them that it really left a bad taste in my mouth. their deliveries are always late. i ordered a birthday dress 1. 5 weeks in advance, and they delivered it 4 – 5 days after my birthday. the same thing happened with my diwali outfit too. and once, the delivery guy didn ’ t even pick up the return, but marked it as “ returned. ” the product was never collected, and i still have it, brand new, but i don ’ t wear it because of a size issue. total waste of money. there are a few more incidents as well, and honestly, i ’ m scared to order from them now. even if they offer great discounts, i still avoid shopping there."
6c70a9b5d24838c3e8f0,play_store,support_payment_and_app_experience,positive,0.9,False,not_wishlist_related,high,unknown,low,one of the best app for shopping
6cbb188767a69e2d9fe0,play_store,support_payment_and_app_experience,positive,0.85,False,not_wishlist_related,unknown,unknown,low,good service
6cc8f4d462ffa7173a04,play_store,delivery_returns_and_refunds,negative,0.9,False,not_wishlist_related,unknown,unknown,medium,fast delivery but delivery partner is so rude
6ccc0cff8070e1595bf5,play_store,product_quality_and_accuracy,positive,0.95,False,not_wishlist_related,high,unknown,low,very good product
6d22c86356a1c0a4f4e4,play_store,product_quality_and_accuracy,positive,0.9,False,not_wishlist_related,high,unknown,low,"original colour plus trousers. super myntra. worthy, price. hats off myntra."
6d4410cbd247383d4ae3,play_store,support_payment_and_app_experience,positive,0.9,False,not_wishlist_related,high,unknown,low,very good and trusted fashion app
6d590bb9bb1f06306cfb,play_store,support_payment_and_app_experience,positive,0.9,False,not_wishlist_related,high,unknown,low,i love to shop from myntra
6d78e5aa341a785a7413,reddit,support_payment_and_app_experience,negative,0.7,False,not_wishlist_related,unknown,unknown,medium,"same happened with me bro, this post belongs to [ [ username ] ] ( https : / / www. reddit. com / r / antimyntra / s / dx48gm2uvh )"
6d9102efeec610f6d41b,reddit,product_quality_and_accuracy,negative,0.95,False,not_wishlist_related,low,abandoned,high,"not only myntra, this is true for every other clothing website. 2 - 3 years ago, the quality was decent. now, i feel i am paying way more for the quality which i am getting. my husband find myntra better because he sticks to 2 - 3 brands only. in my case, i try to shop across different brands and styles and 90 % of the time i am not happy with the quality of the clothes. i have stopped doing online shopping all together and buy clothes from stores. even zudio have better clothes than myntra"
6e23688e8f3e2e5e7f17,reddit,pricing_discounts_and_value,positive,0.9,False,not_wishlist_related,medium,unknown,low,meesho doesn ' t charge convenience fees ig
6e312b6c6bd0aecdc101,play_store,delivery_returns_and_refunds,positive,0.8,False,not_wishlist_related,medium,unknown,low,good app delivery before it ' s timming
6e32081df6f86bbed41d,reddit,support_payment_and_app_experience,neutral,0.6,False,not_wishlist_related,unknown,unknown,low,replying here because i wanna know too!
6f51e2b392f538fb8913,play_store,support_payment_and_app_experience,positive,0.9,False,not_wishlist_related,unknown,unknown,low,best shoping experience
6f5db2e5aa938ab48cea,play_store,support_payment_and_app_experience,positive,0.8,False,not_wishlist_related,unknown,unknown,low,i this good appa to buy anything
6f6a8ff9419a5b5c14ff,play_store,product_quality_and_accuracy,positive,0.85,False,not_wishlist_related,unknown,unknown,low,very good collection
6f82db8a50d0358c4340,play_store,product_quality_and_accuracy,positive,0.9,False,not_wishlist_related,unknown,unknown,low,"awesome good quality, very very amazing collection love to buy quality 10 / 10 & glam clan program is totally amazing"
6fc7b58d93694d849ed0,play_store,size_fit_and_availability,positive,0.9,False,not_wishlist_related,unknown,unknown,low,i find variety of dresses of my size 7xl only on myntra great design and good quality of fabric
6fd747fd2b13b441138a,play_store,delivery_returns_and_refunds,negative,0.95,False,not_wishlist_related,unknown,unknown,high,very disappointed with myntra. they deducted my money even though the delay was from their side. product not delivered on time and poor customer support unacceptable! myntra delayed delivery but still cut the platform fee. this is unethical — refund the entire amount or i will report to consumer court
70507af0daa15a8c91a3,play_store,support_payment_and_app_experience,positive,0.85,False,not_wishlist_related,unknown,unknown,low,it is good platform to shop.
70d4a3f9e60c2ba8bc5d,play_store,delivery_returns_and_refunds,negative,0.9,False,not_wishlist_related,unknown,unknown,high,i didn ' t even recieved my order on date and the worst thing is delivery agent isn ' t answering my calls and very bad experience until i ' ve contacted customer care
70ecf6292b7e4be83e2a,play_store,product_quality_and_accuracy,negative,0.9,False,not_wishlist_related,unknown,unknown,high,"i had worst experience with myntra. i ordered airfryer of almost 2500, after payment i found it was used, i called customer care, he filed for exchange. i want to gift it on 25 / 7 / 26 on marriage but i couldn ' t. after multiple calls i got my exchange but delivery boy said he can ' t give me, because product is wrong tagged. i called customer care and grivience officer and on 28 / 7, again the same issue he said wrongly tagged product. i am still waiting for my product came from marriage with insult."
710c99064396b77be32c,play_store,support_payment_and_app_experience,positive,0.85,False,not_wishlist_related,unknown,unknown,low,easy to order and the service are great
710e4af2f9b7ca0a63a2,play_store,support_payment_and_app_experience,neutral,0.4,False,not_wishlist_related,unknown,unknown,low,i ' ve well experience
71725dfff81ccdcd0337,play_store,pricing_discounts_and_value,negative,0.9,False,not_wishlist_related,low,unknown,medium,platform fee to expensive
717e07b1ce4dbd5efb8b,reddit,support_payment_and_app_experience,negative,0.7,False,not_wishlist_related,unknown,unknown,medium,"omg, i ' m facing the same issue"
717fe3be551e54b65e4e,reddit,support_payment_and_app_experience,negative,0.9,False,not_wishlist_related,low,unknown,high,the thing is theres no competition. thats why. ajio is shit. i miss the days when jabong and myntra were neck to neck. amazon usually sucks for shopping.
71a4b65826e7a263a0f3,play_store,product_quality_and_accuracy,positive,0.9,False,not_wishlist_related,high,purchased,low,exceptional
71c4f8abcfaaae15f33e,play_store,support_payment_and_app_experience,positive,0.9,False,not_wishlist_related,high,purchased,low,better than amazon
72051ae18dfc550590f3,play_store,product_quality_and_accuracy,positive,0.9,False,not_wishlist_related,high,purchased,low,trustworthy products
720a6b5f97ec8cbd76e3,play_store,product_quality_and_accuracy,positive,0.9,False,not_wishlist_related,high,purchased,low,very good soft comfortable material
7259d9bc76fb6fa816d1,play_store,pricing_discounts_and_value,positive,0.9,False,not_wishlist_related,high,purchased,low,really having nice products with more product and shop options. with more offers.
72684419e5e32a63dc8e,reddit,support_payment_and_app_experience,negative,0.9,False,not_wishlist_related,low,unknown,medium,i swear!!! then why bombard me with your stupid ads? you want me to buy or no?
728ace4da9cdede71785,play_store,product_quality_and_accuracy,positive,0.6,False,not_wishlist_related,unknown,unknown,low,qualitative product
72a102d3426b2ddc61fb,reddit,delivery_returns_and_refunds,negative,0.9,False,not_wishlist_related,unknown,unknown,medium,"omg! your pincode, too? to which pincode are they delivering then? to the moon, i guess"
731ccd13c98cf1daae53,reddit,delivery_returns_and_refunds,negative,0.95,False,not_wishlist_related,unknown,unknown,high,"yeah this has happened with l ' oreal n tresseme products for me too. earlier i thought maybe it ' s because this time another seller is providing it or something ( i was * stupidly * trying to give them benefit of doubt ) but that ' s nonsense, they have multiple courier partners, almost everything should be deliverable. why does this only happen when good discounts / flash sales happen. multiple times my pincode has suddenly become ' unserviceable ' after keeping the item in cart for a few hours or couple of days. nonsense."
732ef60b51338a3af84f,play_store,product_quality_and_accuracy,positive,0.9,False,not_wishlist_related,unknown,unknown,low,"best app for online shopping offeredable prices attractive collections, best quality products all brands available with discounts."
733cce4eefb1a7ef8c97,play_store,support_payment_and_app_experience,positive,0.8,False,not_wishlist_related,unknown,unknown,low,good experience
7369887e0f127adb3375,play_store,support_payment_and_app_experience,positive,0.85,False,not_wishlist_related,unknown,unknown,low,best app for women and children
746904166a411fcec990,play_store,support_payment_and_app_experience,neutral,0.5,False,not_wishlist_related,unknown,unknown,low,good and
74b641d9721d951bfdd1,play_store,delivery_returns_and_refunds,negative,0.9,False,not_wishlist_related,unknown,unknown,medium,packing is not good.. how can i gift watches someone without proper package or box?? not satisfied
7579904bad63ac418581,play_store,support_payment_and_app_experience,positive,0.9,False,not_wishlist_related,unknown,unknown,low,myntra is very nice app
7583604271f8d495ce5b,play_store,support_payment_and_app_experience,positive,0.9,False,not_wishlist_related,unknown,unknown,low,best app ever
75c8b05bf7fb865ff333,play_store,product_quality_and_accuracy,positive,0.9,False,not_wishlist_related,high,purchased,low,this is my favourite app because when ever i ordered anything i received the good product
75dfd8639b8c68d4b088,play_store,support_payment_and_app_experience,positive,0.9,False,not_wishlist_related,high,purchased,low,nice and good app fast and good service
76513ab58d3096258220,reddit,support_payment_and_app_experience,positive,0.9,False,not_wishlist_related,high,purchased,low,myntra is on the way to become the next flipkart.
765aad0585f4a3cbd733,reddit,product_quality_and_accuracy,negative,0.9,False,not_wishlist_related,low,abandoned,high,even i am facing such issue i ordered a trolley bag and it was of such a poor quality with loose threads coming out. on initiating return they keep cancelling the request saying the product was intact. how am i supposed to loosen the threads of a trolley bag! they keep declining the request and i keep complaining again. ain ' t no way i am keeping a 2k defective product
7670a2a289ec6a6eaddc,play_store,delivery_returns_and_refunds,negative,0.9,False,not_wishlist_related,low,abandoned,high,very very worst delivery app i seen never my... no proper response.... i ' m very disappointed....
76d6737f6db496dcaa43,reddit,delivery_returns_and_refunds,negative,0.9,False,not_wishlist_related,low,abandoned,high,"& gt ; the box for the new balance was in bad shape but the shoes were amazing. now a days, all of their shoe boxes arrive in a deformed state. happened to all of my deliveries. their delivery handling has deteriorated. can ' t blame them. the delivery guy crams up many parcels together in a huge polyster bag. if i am gifting someone, i am avoiding mytra for purchases for this reason."
76e141bda3fc334347c4,play_store,product_quality_and_accuracy,positive,0.6,False,not_wishlist_related,medium,unknown,low,good proudect
77be7e8759fed5d6e865,reddit,support_payment_and_app_experience,negative,0.9,False,not_wishlist_related,low,abandoned,high,yup. myntra has gone to dogs
77df79c8df4a5e6bb6d6,play_store,pricing_discounts_and_value,negative,0.7,False,not_wishlist_related,medium,unknown,medium,good but too much platform fee
78446ae31b09a3b54af0,play_store,product_quality_and_accuracy,positive,0.9,False,not_wishlist_related,high,purchased,low,"my first choice always myntra, best quality & best service"
78a81be9d65cd6f360b0,play_store,support_payment_and_app_experience,positive,0.9,False,not_wishlist_related,unknown,unknown,low,it is an excellent app providing nice products
78b21e1d9b3a5495a1ff,play_store,product_quality_and_accuracy,positive,0.9,False,not_wishlist_related,unknown,unknown,low,this is the best platform for shopping. i like the design of the product.
78c9833bb33648be6adb,play_store,delivery_returns_and_refunds,negative,0.95,False,not_wishlist_related,unknown,abandoned,high,"hey hi! the app was good everything was fine, delivery was on point but i ' ve cancelled an item but i didn ' t get any refund till now. i order and then cancelled immediately the same day, because i got the wrong size. according to the app it was meant to be credited on 30th of april but it didn ' t and it ' s been a month and half i didn ' t got my refund back. can you fix this problem"
78e38490d5e23b3dd2bf,play_store,delivery_returns_and_refunds,negative,0.9,False,not_wishlist_related,low,unknown,medium,"whenever i order every time delay delivery, it takes minimum around 10 days, can i ask why!? already every order written delivery time around 8 days also you guys do more, if this going to happen every time its difficult to buy."
7900761afc8d227f2f1b,play_store,support_payment_and_app_experience,positive,0.9,False,not_wishlist_related,unknown,unknown,low,superb application
7916ae41659c05048295,play_store,support_payment_and_app_experience,positive,0.9,False,not_wishlist_related,unknown,unknown,low,good app for shopping all items good condition and safely
7926866d54760e9822c1,play_store,product_quality_and_accuracy,positive,0.9,False,not_wishlist_related,unknown,unknown,low,collections are great in all categories from women ' s western dresses to men ' s wear with good quality.
7945b2751b46f9af83fc,play_store,support_payment_and_app_experience,neutral,0.8,False,not_wishlist_related,unknown,unknown,low,in other e - commerce apps we can swipe the products in the plp page as well.. this should be implemented in myntra app also
79557c8f9622538b665d,play_store,support_payment_and_app_experience,positive,0.9,False,not_wishlist_related,unknown,unknown,low,the appp and service is too good
7977cb4e56c31b36233c,play_store,product_quality_and_accuracy,positive,0.9,False,not_wishlist_related,unknown,unknown,low,authentic and genuine product
7987aab95f05129e5d95,play_store,product_quality_and_accuracy,positive,0.95,False,not_wishlist_related,unknown,unknown,low,good product
79b3e1985d05fafd09b3,play_store,product_quality_and_accuracy,positive,0.95,False,not_wishlist_related,unknown,unknown,low,the product of this shopping brand is too good
79bd68abb3b582950de7,play_store,support_payment_and_app_experience,positive,0.95,False,not_wishlist_related,unknown,unknown,low,this aap is better than other app
79d596ca74be520bccdc,play_store,product_quality_and_accuracy,positive,0.95,False,not_wishlist_related,unknown,unknown,low,good service with genuine products
7af13321b55991387743,play_store,product_quality_and_accuracy,positive,0.95,False,not_wishlist_related,unknown,unknown,low,i just love shopping from myntra the product are so good
7b58bda121a38cc076e5,play_store,product_quality_and_accuracy,positive,0.95,False,not_wishlist_related,unknown,unknown,low,we get very comfortable quality fabric clothes they are so pretty whenever we order from myntra
7c09b4974f58e93d34b2,play_store,product_quality_and_accuracy,positive,0.95,False,not_wishlist_related,unknown,unknown,low,good fabric
7c0bd9ff29fe00c3503e,reddit,size_fit_and_availability,negative,0.95,False,not_wishlist_related,unknown,unknown,low,a simple parachute body lotion ain ' t available in my pincode suddenly like wtf
7c4404a0055aa7ff102d,play_store,product_quality_and_accuracy,positive,0.95,False,not_wishlist_related,unknown,unknown,low,mind blowing purchase awesome
7c7d75458fff318a08f8,play_store,delivery_returns_and_refunds,positive,0.95,False,not_wishlist_related,unknown,unknown,low,nice product delivered on time
7cb7fd9c3d097741b84e,reddit,delivery_returns_and_refunds,negative,0.9,False,not_wishlist_related,low,unknown,high,"having similar experiences with myntra lately. i ordered a pair of trousers and asked for exchange for another one of the same brand. wasn ’ t at home when delivery guy came for exchange and instead of coming again he reported that i was trying exchange a damaged product. must have talked to 20 cc executives over two months, finally gave up and kept the trousers. these people were unable to cancel the exchange at their end. always prefer return over exchange folks! another incident about three months ago. delivery executive showed the items worth 5k as delivered and while i didn ’ t get the package at all. apparently he had taken it home and thought of giving me at his own leisure. had to talk to half a dozen cc executives so that someone would bother finding out who was supposed to deliver it. decided that cod is better than trusting these people."
7cbc0412621e4d3bb6d7,reddit,product_quality_and_accuracy,positive,0.95,False,not_wishlist_related,high,unknown,low,"i definitely like nykaa way more, it has more unique pieces and labels."
7ccd871183243d8f3ca8,play_store,product_quality_and_accuracy,positive,0.9,False,not_wishlist_related,high,unknown,low,good work for myntra
7d2f2769518e2232b177,play_store,delivery_returns_and_refunds,negative,0.9,False,not_wishlist_related,low,abandoned,high,worst shopping experience with first order. after review i am removing the app. there is no return on order. pure fraud.
7d6f5341b1409f3b13cd,play_store,product_quality_and_accuracy,negative,0.85,False,not_wishlist_related,low,unknown,medium,ok okay thik thak h kpde ke according prize jade h ye 300 se jade ka lg nhi rha h kabda quality bahot achhi nhi h
7d7f4d965a2a55ea226a,play_store,support_payment_and_app_experience,positive,0.9,False,not_wishlist_related,unknown,unknown,low,i am very much satisfied with the service given by myntra. thank you
7e1f4476fc399b38dd03,play_store,support_payment_and_app_experience,positive,0.9,False,not_wishlist_related,unknown,unknown,low,very trusted app
7e3d566bec8fd7e16807,play_store,product_quality_and_accuracy,neutral,0.7,False,not_wishlist_related,unknown,unknown,medium,"the overall experience is good. however, the quality of some products does not meet the expected standards due to their low price."
7e85d78f24c51cbd42a1,play_store,support_payment_and_app_experience,negative,0.8,False,not_wishlist_related,unknown,unknown,low,i have been using the myntra app for a long time and it isn ' t my favorite shopping app
7e88e323901e06a197b9,reddit,support_payment_and_app_experience,negative,0.8,False,not_wishlist_related,unknown,unknown,medium,"yeah, i agree. myntra was one of the few platforms that got it right from the very beginning. everything about the platform felt perfect, especially when people were just starting to try ordering clothes online. now, unfortunately, the experience doesn ’ t feel the same anymore."
7eb3907906da9b0aa3ae,play_store,support_payment_and_app_experience,neutral,0.7,False,not_wishlist_related,unknown,unknown,low,why they remove number what shows on top that how many articles are there???
7eb3c3dfdfed1923e2cf,play_store,support_payment_and_app_experience,positive,0.9,False,not_wishlist_related,high,unknown,low,best app around shopping styles
7f218cb6ed4be0a7c62c,play_store,delivery_returns_and_refunds,negative,0.8,False,not_wishlist_related,low,abandoned,high,very bad app don ' t shopping customer ko bebquf banate hai galt product bejkr return ni lete block this app
7f84936c3c66fa4eaa8e,play_store,product_quality_and_accuracy,positive,0.9,False,not_wishlist_related,high,unknown,low,verry nice. good quality.
7fc034b499be70e96c20,reddit,support_payment_and_app_experience,positive,0.8,False,not_wishlist_related,medium,unknown,low,oh wow this is new!!
8010d6e96d9cfc573c7a,reddit,product_quality_and_accuracy,negative,0.95,False,not_wishlist_related,unknown,unknown,high,ordered a kurta set worth 4. 5k from myntra ( anouk ) and received a sweaty stinky piece of same design from another brand just a night before the event.. man i ' m so disappointed. the worst part is i have 15k in myntra credit and i ' m forced to use it. i ' m gonna kill myself now
801c23d4e570e20e9815,play_store,support_payment_and_app_experience,positive,0.99,False,not_wishlist_related,high,unknown,low,perfect shopping app
802f2b17600fc8d9ca1c,play_store,product_quality_and_accuracy,positive,0.9,False,not_wishlist_related,high,unknown,low,saman achcha hai myntra ka
80b66cf2254d96c5fc9c,reddit,delivery_returns_and_refunds,negative,0.97,False,not_wishlist_related,low,unknown,high,"i ordered 3 items in one order and two of them were torn and they sent a completely different item for the 3rd one. i initiated an exchange but they said, we only do returns for damaged or wrong products. in the refund, i will not be given back the platform fees. so now they want me to reorder the original products and again pay the platform fees ( just 20₹ but it is a fundamental flaw in their system ). if i order 5 times and get wrong products all 5 times, i ' ll return them all and will be left with no clothes and a cost of 100₹. on top of that myntra tells me my return rate is too high and that they ' ll levy a 200₹ convenience fees on every future order. this platform has gone down the drain. used to order a lot between [ phone ] and would hardly have any complaints. but it ' s no longer a trustworthy platform to shop from. gotta go back to the shops and malls to buy clothes. edit : another scam i forgot to mention was that one of the 3 products i had ordered were track pants where the product description page mentioned 100 % cotton but when i received the pants, the product tag mentioned 70 % cotton, 30 % polyester. one of the 3 products i had ordered were track pants where the product description page mentioned 100 % cotton but when i received the pants, the product tag mentioned 70 % cotton, 30 % polyester. wth? something really shady is going on at myntra."
80dea81da1331d9764f3,play_store,pricing_discounts_and_value,neutral,0.6,False,not_wishlist_related,unknown,unknown,low,it contains so much money
8108a07c435b8f7a33fa,reddit,support_payment_and_app_experience,positive,0.9,False,not_wishlist_related,high,unknown,low,i have not had any issues with myntra so far
8148372713c707dd30f6,reddit,pricing_discounts_and_value,negative,0.85,False,not_wishlist_related,low,unknown,medium,haha it ’ s so annoying to chronic online shoppers like me but this is not unique to myntra. urbanic / savana has a cap of 500 and i have definitely seen it on other sites too
817ed774c1f96f1f2dec,reddit,support_payment_and_app_experience,neutral,0.4,False,not_wishlist_related,unknown,unknown,low,"yeah, i ' m slowly on that path"
81afd63b858962852e84,reddit,support_payment_and_app_experience,negative,0.8,False,not_wishlist_related,low,unknown,medium,true raised it on twitter as well but no avail... i think myntra is slowly loosing the trust they had built over the years
81dffbc6cd09f3e2782f,play_store,support_payment_and_app_experience,positive,0.9,False,not_wishlist_related,high,unknown,low,love myntra
820ae4bc2d80faf72c39,play_store,delivery_returns_and_refunds,negative,0.9,False,not_wishlist_related,low,abandoned,high,"very disappointing experience and that too for the second time from myntra, the first time being the order getting cancelled by itself without any prior headsup or whatsoever!! this time a delivery delay of more than a week? no proper accountable answer or explanation regarding the delay too. the delivery couldn ' t be made even it has already reached the destination city!!! and that too a week??? and no plausible explanation for the same!!! very disappointing, very much unlikely of suggesting."
820e476508e8bff6204d,play_store,support_payment_and_app_experience,positive,0.8,False,not_wishlist_related,high,unknown,low,best aap for shopping
824c046446e0bad73bf8,play_store,support_payment_and_app_experience,positive,0.8,False,not_wishlist_related,high,unknown,low,best support
8273e7b0b9cf5f11fe2f,play_store,support_payment_and_app_experience,negative,0.8,False,not_wishlist_related,low,unknown,high,worst app ever
83235b49b95c81c4e07f,play_store,support_payment_and_app_experience,positive,0.9,False,not_wishlist_related,high,unknown,low,myntra par sare visit karen bahut achcha app hai sach mein bahut pasand aaya kaun si chij lo sari budget per mil jaati hai nice best app myntra branded jute branded shirt branded shirt branded lower saree jo ban jaaye vah chij special video i love mitra best treatment kaun si bhi chijen nice ladies hostel saree dress bahut acchi picture best se best quality jitna bataunga utna kam padega mitra ke bare mein meri meri to maine abhi tak facial manga hai bahut achcha result aaya hai use chij ka mujh
83476b20f80eee77715e,play_store,support_payment_and_app_experience,negative,0.9,False,not_wishlist_related,unknown,unknown,low,but they do not provide cash on delivery
83add668fe7153babf72,play_store,product_quality_and_accuracy,positive,0.95,False,not_wishlist_related,high,unknown,low,product is very good
83c0d2d0f3dea67e56cf,play_store,pricing_discounts_and_value,positive,0.9,False,not_wishlist_related,high,unknown,low,"excellent fashion app incredible collection for every occasion and budget. the deals during sales are unbeatable, and the quality of products has always been reliable. seamless browsing and fast delivery!"
83db21b556303be5ad6e,play_store,product_quality_and_accuracy,positive,0.85,False,not_wishlist_related,high,unknown,low,good aap very beautiful product and emaging price and product qulity
84416712dc7210466eb1,play_store,product_quality_and_accuracy,positive,0.8,False,not_wishlist_related,high,unknown,low,good products
8446d598539ee54de8cd,play_store,support_payment_and_app_experience,positive,0.9,False,not_wishlist_related,high,unknown,low,love shoping at myntra
8464853d21715f95385e,play_store,product_quality_and_accuracy,positive,0.9,False,not_wishlist_related,high,unknown,low,nice pant very nice design so pretty
84e985283af3c88d8a4c,play_store,pricing_discounts_and_value,positive,0.85,False,not_wishlist_related,high,unknown,low,best appp cheapest
850186cd27c96f60f92f,play_store,delivery_returns_and_refunds,positive,0.9,False,not_wishlist_related,high,unknown,low,very good app for fast delivery
8578597c45c742b5bff0,reddit,product_quality_and_accuracy,negative,0.95,False,not_wishlist_related,low,abandoned,high,"this is the response i ’ ve been getting for an issue i had with my deborah eyeliner. i received it dry and i even shared photos of the dry brush and the line i tried drawing with it on my hand. myntra response : we regret to hear that the product ' ' deborah brown extra precisione eyeliner 5 ml ' ' developed defect within a short span of time. all products on our platform, go through multiple quality and performance checks before being displayed to the customers. in some occasional cases, the product may develop certain quality / performance issue depending on built quality or usage & amp ; maintenance of the product. for your specific claim we have looked at the past performance of the product and found that this product does not have similar complains. also, the defect highlighted does not indicate any manufacturing defect / built quality issue and as a result we are unable to accept the return for this product."
85792e4e9b195e58ad88,play_store,delivery_returns_and_refunds,positive,0.9,False,not_wishlist_related,unknown,unknown,low,happy to see your fast service...
860886d64fe29b382262,play_store,support_payment_and_app_experience,positive,0.8,False,not_wishlist_related,unknown,unknown,low,fantabulous
8625d9f1d77193417a09,play_store,support_payment_and_app_experience,positive,0.8,False,not_wishlist_related,unknown,unknown,low,best apppp
8627e4843023ab38ef73,play_store,support_payment_and_app_experience,positive,0.8,False,not_wishlist_related,unknown,unknown,low,nice shopping app
862d9a418183fdd60455,play_store,product_quality_and_accuracy,positive,0.85,False,not_wishlist_related,unknown,unknown,low,good one products love it
871f9e8aa69afed99abb,reddit,support_payment_and_app_experience,positive,0.7,False,not_wishlist_related,unknown,unknown,low,idk how! but maybe you just had a bad luck. i always had good time shopping with them.
8730e20c1b94e3693552,play_store,delivery_returns_and_refunds,negative,0.95,False,not_wishlist_related,unknown,unknown,high,"absolutely terrible delivery service and customer support. ordered to my office address, but by 6 pm there was no delivery. called the delivery agent 11 times — he attended the call but never spoke. customer support told me to wait until 9 pm, ask office security to collect my package, and admitted myntra has no control over their delivery partners. to make matters worse, a senior support manager rudely disconnected the call instead of resolving the issue. my office closes at 5 pm. # ridiculousmyntra"
8763fa0f8836bd7ee4be,reddit,pricing_discounts_and_value,negative,0.85,False,not_wishlist_related,low,unknown,medium,"yes the only thing i recently bought from there was k18 mask 50ml. esp with platform fee of 23 / - even if i sometimes see a nail paint or lip colour i just don ' t buy it. when myntra didn ' t have platform fee, i used to randomly buy stuffs around 100 / - just coz it looked cute / interesting"
879fa5be45b7afd387c4,play_store,support_payment_and_app_experience,positive,0.8,False,not_wishlist_related,unknown,unknown,low,best platform myntra
87a7322cb06a81b88507,play_store,support_payment_and_app_experience,positive,0.8,False,not_wishlist_related,unknown,unknown,low,emmaculate experience
87dc29202c4cf3514354,play_store,pricing_discounts_and_value,positive,0.9,False,not_wishlist_related,high,unknown,low,value for money
8802a649125796d34f41,play_store,delivery_returns_and_refunds,negative,0.95,False,not_wishlist_related,low,abandoned,high,"am extremely disappointed with myntra ' s service. my order has been cancelled twice without any valid reason after being confirmed. this has wasted my time and caused a lot of inconvenience. if the product was unavailable, it should not have been accepted in the first place. this kind of repeated cancellation shows poor inventory management and a lack of respect for customers. i expected better service from a company like myntra. i hope they improve their order handling process so that other cust"
882352257ac2a3ab2255,play_store,support_payment_and_app_experience,negative,0.85,False,not_wishlist_related,unknown,unknown,medium,no option to close the issue after raising if solved from user end. developers are just fooling around
882c884b2233828f360d,play_store,delivery_returns_and_refunds,negative,0.95,False,not_wishlist_related,low,abandoned,high,pathetic return policy. never going to buy anything from myntra. after keeping waiting for 8 days for pickup of item. they cancelled and denied pickup bcoz they dont have people to pick it up. thrn why are you giving return option while selling the material. we can go elsewhere for that.
8858a1035da698c12398,play_store,product_quality_and_accuracy,positive,0.9,False,not_wishlist_related,high,unknown,low,i have totally obsessed with myntra products
88c01b6dd4c6573046fb,reddit,product_quality_and_accuracy,negative,0.95,False,not_wishlist_related,low,abandoned,high,i ordered a wrogn shirt but received a tommy hilfiger one instead. imagine how cooked myntra is right now.......
88fe9b56ce1c68178562,play_store,pricing_discounts_and_value,neutral,0.8,False,not_wishlist_related,medium,unknown,low,very nice but expensive
8900fba88fb946a2077a,play_store,support_payment_and_app_experience,positive,0.9,False,not_wishlist_related,high,unknown,low,very good app excellent service and super products reasonable prices also expected delivery time thank u myntra
896895d8e8ab88f30653,play_store,delivery_returns_and_refunds,negative,0.95,False,not_wishlist_related,low,abandoned,high,the worst app i never seen i had ordered blue colour dress but there delivered red colour ok fine i think and return the dress there not accepting and i call to customer care call was not connecting chat was ai this the chat was ending itself
8984353c465ba6ec0565,play_store,product_quality_and_accuracy,positive,0.9,False,not_wishlist_related,high,unknown,low,super best online shopping centre
8a491a3f5264c227e309,play_store,product_quality_and_accuracy,positive,0.92,False,not_wishlist_related,unknown,unknown,low,beautiful aligence i like too much
8ae3e9d3032602ab2bec,play_store,support_payment_and_app_experience,positive,0.9,False,not_wishlist_related,unknown,unknown,low,no 1 shopping app
8b07450c3b77468ad5c4,reddit,delivery_returns_and_refunds,negative,0.95,False,not_wishlist_related,low,abandoned,high,cancelling orders and not refunding 20rs back. free ka paisa without even providing any kind of service.
8b7757936985badd6f4d,play_store,support_payment_and_app_experience,positive,0.88,False,not_wishlist_related,unknown,unknown,low,feeling good
8b9dd55a4df947205d69,play_store,product_quality_and_accuracy,positive,0.93,False,not_wishlist_related,high,purchased,low,"nice app! i always receive genuine products, and the quality is excellent. delivery is on time, and the shopping experience is smooth. highly recommended for online shopping. keep up the good work!"
8b9e05ea41d39e102a95,play_store,support_payment_and_app_experience,positive,0.9,False,not_wishlist_related,unknown,unknown,low,best service
8bb10138257fb46b44f5,play_store,support_payment_and_app_experience,positive,0.88,False,not_wishlist_related,unknown,unknown,low,very easy to oder and very nice production
8bc569df848da9aaf5fd,play_store,support_payment_and_app_experience,positive,0.9,False,not_wishlist_related,unknown,unknown,low,good aap for online shopping
8bf2eb23b94ae3da996c,play_store,pricing_discounts_and_value,positive,0.92,False,not_wishlist_related,high,purchased,low,good app for shopping for wonderful product with brands also you take good discount on the products through this app
8c194a634149860ed53b,play_store,support_payment_and_app_experience,neutral,0.85,False,not_wishlist_related,unknown,unknown,low,first to check otp
8c99b5afa9a3ce47f2a6,play_store,support_payment_and_app_experience,positive,0.9,False,not_wishlist_related,unknown,unknown,low,myntra is a good shopping aap
8cd7147c48fba890127a,play_store,support_payment_and_app_experience,positive,0.9,False,not_wishlist_related,unknown,unknown,low,nice app for purchasing
8ceb6662e552201dcbd7,play_store,product_quality_and_accuracy,positive,0.85,False,not_wishlist_related,unknown,unknown,low,clothes are well listed apps
8cf7758125a255dbc267,play_store,support_payment_and_app_experience,positive,0.9,False,not_wishlist_related,unknown,unknown,low,it ' s a good app
8cf7fba8625a40db5b5a,play_store,delivery_returns_and_refunds,positive,0.9,False,not_wishlist_related,unknown,unknown,low,myntra is good service. deliveryman so polite
8d3c99f3944749459a26,play_store,support_payment_and_app_experience,positive,0.9,False,not_wishlist_related,unknown,unknown,low,new styles going with the flow trendsetter.. and many more abbreviations... but cut to cut best shopping app for a new u.. go with this and experience the fairy in u. thanks myntra
8d55e1ddb00230fa006a,play_store,product_quality_and_accuracy,positive,0.9,False,not_wishlist_related,unknown,unknown,low,products are original with reasonable rates.
8d99b780c25f82bba777,reddit,delivery_returns_and_refunds,negative,0.9,False,not_wishlist_related,unknown,unknown,medium,"half of their toiletries are not deliverable at my pincode ( in bangalore ), but it ' s available to a remote area in a different state where my parents live."
8dde734600d0d4f54c4e,play_store,delivery_returns_and_refunds,negative,0.9,False,not_wishlist_related,unknown,unknown,medium,delayed delivery for myntra delivery partner.
8e3e472e4a71e2d9c210,play_store,product_quality_and_accuracy,positive,0.9,False,not_wishlist_related,high,purchased,low,this is my first time i ordered the product from myntra it is very good and it was amazing experience
8fb9bad4ccd7b008d0c2,play_store,product_quality_and_accuracy,positive,0.9,False,not_wishlist_related,unknown,unknown,low,good products and good packing
900d471e13b512f16057,play_store,product_quality_and_accuracy,positive,0.9,False,not_wishlist_related,unknown,unknown,low,this one app only original products
902fee51efb77d0bbdfb,play_store,delivery_returns_and_refunds,positive,0.9,False,not_wishlist_related,high,unknown,low,"i ' m really really thankful for their product delivery on time, best packing, working products and many things....... order now for best quality brands"
90ae594731ac53c0f883,play_store,delivery_returns_and_refunds,negative,0.9,False,not_wishlist_related,unknown,unknown,medium,i just not like when they deduct money when we return the product
911925257593aefebce6,play_store,product_quality_and_accuracy,positive,0.9,False,not_wishlist_related,unknown,unknown,low,super quality by products
9139a4c67f5ff99ea3e8,play_store,product_quality_and_accuracy,positive,0.9,False,not_wishlist_related,high,unknown,low,i liked product guys must buy this
91a1a0616484d6e46668,play_store,delivery_returns_and_refunds,negative,0.9,False,not_wishlist_related,unknown,unknown,high,worst service they don ' t deliver on time and they don ' t pickup the return on time suffering from 15 days and some times the product and brand shown on app doesn ' t match with the actual product i am uninstalling this app today
91adbc6efdfba2509b90,play_store,delivery_returns_and_refunds,negative,0.9,False,not_wishlist_related,unknown,unknown,high,their dlvry persons sometimes do fraud
91e7406b9486db40e6bb,play_store,support_payment_and_app_experience,positive,0.9,False,not_wishlist_related,unknown,unknown,low,thanks app
91f5452358baf3177036,play_store,support_payment_and_app_experience,positive,0.9,False,not_wishlist_related,unknown,unknown,low,very best online shopping app for myntra
920271ebbd1304c4a4d0,play_store,support_payment_and_app_experience,positive,0.9,False,not_wishlist_related,unknown,unknown,low,very nice booking experience
9228cd0abf1d35bfa007,play_store,delivery_returns_and_refunds,negative,0.95,False,not_wishlist_related,unknown,postponed,high,pathetic service from myntra. i have been a loyal customer of myntra from past 9 + years but now the service is pathetic they promised to deliver my exchange in 2 days but it has been 8 days the product is still undelivered and i have been in regular contact with customer care everyday the same that your product is in the nearest warehouse and will be delivered tomorrow but that order is not delivered yet. they don ' t deliver their products on time they don ' t pickup their nd exchange to bhul jao.
923845a55ee9c71eb247,play_store,product_quality_and_accuracy,positive,0.85,False,not_wishlist_related,unknown,unknown,low,v good it have good quality product
924d3df8fb03e0055a19,play_store,support_payment_and_app_experience,positive,0.9,False,not_wishlist_related,unknown,unknown,low,love this app!
927b02f334308e9cc7be,play_store,support_payment_and_app_experience,positive,0.9,False,not_wishlist_related,unknown,unknown,low,very nice app great
9300f6eb3ec0eca51fb9,play_store,product_quality_and_accuracy,positive,0.85,False,not_wishlist_related,unknown,unknown,low,good quality products
93253f8187f9568f478c,play_store,support_payment_and_app_experience,positive,0.9,False,not_wishlist_related,unknown,unknown,low,best app for clothes ♥
93355ce80fd66b4afb5b,play_store,support_payment_and_app_experience,positive,0.7,False,not_wishlist_related,unknown,unknown,low,best
9339745af90e7da9ca7a,play_store,support_payment_and_app_experience,positive,0.9,False,not_wishlist_related,unknown,unknown,low,best app for purchase clothes
933d0569cd879f286506,app_store,product_quality_and_accuracy,positive,0.85,False,not_wishlist_related,unknown,unknown,low,good quality
937f1dbdf38f6561a3d8,play_store,product_quality_and_accuracy,positive,0.9,False,not_wishlist_related,unknown,unknown,low,good app with reasonable price and good products
938513fa776181d867f2,play_store,product_quality_and_accuracy,positive,0.9,False,not_wishlist_related,unknown,unknown,low,cloth ki quality bhaut h achi h mst h
93a66db82595d9972a01,play_store,delivery_returns_and_refunds,negative,0.95,False,not_wishlist_related,unknown,unknown,high,product not delivered also amount not refunded
93b753cf0dfa3010a15b,reddit,product_quality_and_accuracy,negative,0.9,False,not_wishlist_related,unknown,unknown,high,same - received a used watch and used top it was disgusting.
942b1072eec3845af893,reddit,delivery_returns_and_refunds,negative,0.9,False,not_wishlist_related,unknown,unknown,high,"yeah and the discounted ones come under the pathetic "" not deliverable ro the selected pincode "" category"
943af6640c8d74bf0bd4,play_store,support_payment_and_app_experience,positive,0.9,False,not_wishlist_related,unknown,unknown,low,myntra app is the best platform for online shopping. my favourite shop!
945a1718c2212365ef8a,play_store,support_payment_and_app_experience,positive,0.8,False,not_wishlist_related,unknown,unknown,low,good app is is
94e58d3c3533661e0cc8,play_store,support_payment_and_app_experience,positive,0.8,False,not_wishlist_related,unknown,unknown,low,awesome
957012b299d250e4dc68,play_store,support_payment_and_app_experience,positive,0.9,False,not_wishlist_related,unknown,unknown,low,very good app and easy to use
95845e4a08fe5b0b0776,play_store,pricing_discounts_and_value,positive,0.9,False,not_wishlist_related,unknown,unknown,low,good deals
95ff03be631ef83ab109,play_store,support_payment_and_app_experience,positive,0.8,False,not_wishlist_related,unknown,unknown,low,best for shopping
9601f5ac7a79197ffb3d,play_store,product_quality_and_accuracy,positive,0.8,False,not_wishlist_related,unknown,unknown,low,excellent products
962893cd487e11e80985,play_store,support_payment_and_app_experience,positive,0.8,False,not_wishlist_related,unknown,unknown,low,great experience
9637becf24a59131309a,reddit,product_quality_and_accuracy,negative,0.85,False,not_wishlist_related,unknown,unknown,medium,also the quality sometimes material literally feels like plastic wrapper
971b7f88961ce79a96de,reddit,support_payment_and_app_experience,negative,0.8,False,not_wishlist_related,unknown,unknown,high,i guess that ' s what we ' ll have to do from now on. and i ' ve noticed that most of the good brands now exclusively sell on their platform or their associate ' s platform. a lot of the brands available on lifestyle and pantaloons are not available anymore on myntra. so another reason to ditch myntra.
9737a6b09dd9f7ef504c,reddit,delivery_returns_and_refunds,negative,0.9,False,not_wishlist_related,unknown,unknown,high,"i ordered shoes from myntra a year ago and selected the gift option to include a written note in it. they charge rs. 25 / - extra for it. but when the product arrived, the box was in a deformed shape and it missed the guft wrapping and written note. when i contacted the customer care, she just apologized for it and said is there anything else i can help you with. i asked her for refund of the gift wrapping and she said she can ' t do it and apologized again. i asked if i returned the product, will i get all of the money that i paid. she said they would deduct the gift wrapping fee. just stopped purchasing from myntra ans again started using physical stores. i know it is just a matter of 25 / - but atleast they could have offered store credit. i think after reaching a certain size, they downsized the company eliminating the crucial checkpoints."
97bb84d31087d24a204e,play_store,support_payment_and_app_experience,positive,0.8,False,not_wishlist_related,unknown,unknown,low,good app and punctual timing app
97c2a81da7e6820b0cb3,play_store,support_payment_and_app_experience,positive,0.8,False,not_wishlist_related,unknown,unknown,low,good and easy to use.
97e1673497f72572722c,play_store,support_payment_and_app_experience,positive,0.8,False,not_wishlist_related,unknown,unknown,low,itvis a very good app
97e74b13464a8c3d9fd6,play_store,delivery_returns_and_refunds,negative,0.85,False,not_wishlist_related,unknown,unknown,high,literally!! the worst experience ever i ' ve never expected such type of behaviour myntra i had trust in you but now i ' ve ordered a ruffel bodycon dress and the delivery came on 24 and when i saw the dress it was too small so i ' ve decided to return it and get my refund then i ' ve done that but there is no response from myntra at first when i called the help line number they told me that my problem will be resolve but till now these is no msg and they ' re tell me that there is no updates abt order
9809636d1bccf3527197,play_store,product_quality_and_accuracy,positive,0.9,False,not_wishlist_related,unknown,unknown,low,mostly original branded clothes are available here
989719dec9ebfdb87c47,play_store,product_quality_and_accuracy,positive,0.9,False,not_wishlist_related,unknown,unknown,low,all products are good in this app
98a3d0d16a0ef975852b,play_store,product_quality_and_accuracy,positive,0.9,False,not_wishlist_related,unknown,unknown,low,justttt superb
98f137c546d8c0acf0a3,play_store,product_quality_and_accuracy,positive,0.9,False,not_wishlist_related,unknown,unknown,low,good
98fa400a3b6bd2fdb292,play_store,support_payment_and_app_experience,positive,0.9,False,not_wishlist_related,unknown,unknown,low,whenever i purchased from myntra... my experience is fully satisfied... thanks myntra
99284a0957fa2e62110f,play_store,support_payment_and_app_experience,positive,0.9,False,not_wishlist_related,unknown,unknown,low,useful app
992f43f807036da791a7,reddit,support_payment_and_app_experience,negative,0.9,False,not_wishlist_related,unknown,unknown,high,"but they have horrible customer service, return policy, etc. not worth getting into the mental hassle"
9940d260f89e424fa4d1,play_store,pricing_discounts_and_value,positive,0.9,False,not_wishlist_related,unknown,unknown,low,wide variety of products at just affordable price
994e67d2a2c45d72b1e5,play_store,support_payment_and_app_experience,negative,0.9,False,not_wishlist_related,unknown,unknown,medium,"i ' m not sure what ' s causing this, or if it ' s just an issue with my phone. whenever i ' m playing music on spotify or watching a video on youtube, if i open a product that has a video in the product images ( not in the reviews ), the audio from spotify or youtube automatically stops. this doesn ' t happen with any other shopping apps."
9963866361e07fe3389a,play_store,product_quality_and_accuracy,positive,0.9,False,not_wishlist_related,unknown,unknown,low,product it ' s good quality
997f410b141d46296b15,play_store,product_quality_and_accuracy,positive,0.9,False,not_wishlist_related,unknown,unknown,low,just a wow product
99c2f6a1c72277f4e309,play_store,delivery_returns_and_refunds,negative,0.9,False,not_wishlist_related,unknown,unknown,high,it ' s been 15 days since i have ordered and they are not delivering my paid order the worst online shopping app i have ever used.
99ca18f15147ddfd7a62,play_store,support_payment_and_app_experience,positive,0.9,False,not_wishlist_related,unknown,unknown,low,great shopping experience
99e326b0b9c8ccd3bcef,play_store,delivery_returns_and_refunds,positive,0.9,False,not_wishlist_related,unknown,unknown,low,"myntra is a fantastic online shopping platform for fashion and lifestyle, offering a huge selection, trendy styles, and easy returns. key highlights include big brand variety, fast delivery, and helpful size guides. amazing shopping experience! myntra has the best collection of trendy clothes and top brands. delivery is always on time, and the return policy is super smooth. highly recommended for fashion lovers!"
99fd1fd3bcecf53851ee,play_store,support_payment_and_app_experience,positive,0.9,False,not_wishlist_related,unknown,unknown,low,myntra is a genuine platform to purchase anything. good
9a57fa49d661ccd0802f,play_store,product_quality_and_accuracy,positive,0.9,False,not_wishlist_related,unknown,unknown,low,the best shopping app i really trust the myntra app really the product quality and trust that your giving is very good every aspect taking order to delivering is very trustworthy no words to say i love the app very much
9a639077d6b0d31c4019,play_store,support_payment_and_app_experience,positive,0.9,False,not_wishlist_related,unknown,unknown,low,experience is good
9aa15b6e01354364fa80,reddit,product_quality_and_accuracy,negative,0.9,False,not_wishlist_related,unknown,unknown,high,"i order crocs whole packet was open inside packet was also open, no box and the product was damaged from top also, ordered a trimmer there was no charger, i know delivery guy so i dont have problem in returing tho"
9adb6ed69c7bc42673a5,play_store,support_payment_and_app_experience,positive,0.9,False,not_wishlist_related,unknown,unknown,low,great experience
9b1f34f235ed89e05edd,play_store,support_payment_and_app_experience,positive,0.9,False,not_wishlist_related,unknown,unknown,low,very best & reliable
9b1f734f22c14ce8f875,play_store,delivery_returns_and_refunds,negative,0.9,False,not_wishlist_related,low,abandoned,high,they cancell arder at delivery time and after they don ' t respond. thry don ' t value their customers and very disappointing app don ' t you this app
9bc792a0fdcf398ef7a7,play_store,pricing_discounts_and_value,positive,0.95,False,not_wishlist_related,high,purchased,low,excellent app. have a great offers. i literally have placed so many orders because of the discount
9bd16a2bdb5b33c11416,reddit,delivery_returns_and_refunds,negative,0.9,False,not_wishlist_related,low,unknown,high,"myntra sucks. i don ’ t know how people still use it but i ’ ve always had bad experiences with it to the point that i made everyone in my family delete the app. they always deliver the wrong product, takes ages to respond and either don ’ t fix their mistake or just add on to it"
9c34cfa627a330c34712,play_store,product_quality_and_accuracy,positive,0.7,False,not_wishlist_related,unknown,unknown,low,best for clothing
9c579e2963832d94cdc1,play_store,delivery_returns_and_refunds,positive,0.9,False,not_wishlist_related,unknown,unknown,low,good app. efficient returns and deliveries. go for it.
9c5b6e4315104c00ba6a,reddit,delivery_returns_and_refunds,negative,0.8,False,not_wishlist_related,unknown,unknown,medium,i faced the same issue with a delivery
9c894984a7dda7f47286,app_store,support_payment_and_app_experience,positive,0.85,False,not_wishlist_related,unknown,unknown,low,smooth process with good curation of products
9c9876ccb3aa6dd34c1b,play_store,product_quality_and_accuracy,positive,0.6,False,not_wishlist_related,unknown,unknown,low,extraordinary
9cc65175a9c7b6fda4c8,play_store,product_quality_and_accuracy,positive,0.6,False,not_wishlist_related,unknown,unknown,low,awesome
9d076643c7174f305236,reddit,product_quality_and_accuracy,negative,0.9,False,not_wishlist_related,low,unknown,medium,"i bought tommy hilfigher tee, it was made in india, extremely flimsy, felt like 100 bucks wala cheap"
9d1f709225b10b5d8b4f,play_store,product_quality_and_accuracy,positive,0.9,False,not_wishlist_related,high,unknown,low,best quality product
9d29577c234b789623b9,play_store,support_payment_and_app_experience,positive,0.9,False,not_wishlist_related,high,unknown,low,damn. this app is on the next level. can compete on int ' market.
9d8c09024f3f2fd04e36,play_store,product_quality_and_accuracy,positive,0.9,False,not_wishlist_related,high,unknown,low,use this for good quality product
9d8faadf939f26ad39ac,play_store,support_payment_and_app_experience,positive,0.9,False,not_wishlist_related,high,unknown,low,it was a nice experience choosing you every product is of bestest quality
9df27fb2ef1a85958534,reddit,support_payment_and_app_experience,negative,0.9,False,not_wishlist_related,low,unknown,medium,"trust me when i say this, myntra is getting worse day by day"
9e2abd1f863d32ce4852,play_store,support_payment_and_app_experience,negative,0.9,False,not_wishlist_related,low,unknown,medium,problem with myntra is when u scroll down and see any item and came back it directly starts from top again.. where in amazona nd other app the keep user to the same place where ever they have scrolled. pathetic developer who ever developed.. do not pay salary to him.
9e795f43c7ea7d534784,play_store,support_payment_and_app_experience,negative,0.9,False,not_wishlist_related,low,unknown,high,if am trying to open it was not opening the app why. what happen i don ' t no.
9f82687b2b145d6f40e7,play_store,support_payment_and_app_experience,positive,0.9,False,not_wishlist_related,high,unknown,low,"myntra "" best app for shopping "" reasonable price."
9f8d73018df0d9c747c1,play_store,support_payment_and_app_experience,positive,0.9,False,not_wishlist_related,high,unknown,low,mai hmesha myntra se hi shopping krti hu good quywith good price
9f9c63892097fb068347,reddit,delivery_returns_and_refunds,negative,0.9,False,not_wishlist_related,low,unknown,high,i have cancelled a part of my order and they still haven ' t processed it... its been 3 days. previously it took them just minutes to process everything. really it has become absolutely crap
a00e1c26901b1342c845,reddit,product_quality_and_accuracy,negative,0.9,False,not_wishlist_related,unknown,unknown,high,exactly the same thing happened with me a while back ordered 5 items and 2 of them were completely different and they stinked real bad
a0481201bdc42493a334,play_store,delivery_returns_and_refunds,negative,0.9,False,not_wishlist_related,unknown,unknown,high,hello there when i ordered this product i pay 797 rupees i have some issues regarding that product so i request to return that product but they cut 50 rupees from that amount because i return the product so they should give me 747 rs technically but they refunding 714 rupees only why? i was very disappointed regarding that thing about myntra they don ' t even provide the complaint chat box for any queries or issues about their service.
a04db0c6ba8a1c7ae2f5,play_store,product_quality_and_accuracy,positive,0.95,False,not_wishlist_related,high,purchased,low,liked it quality of product is just amazing
a0574d09b1aafc2d755b,play_store,product_quality_and_accuracy,positive,0.8,False,not_wishlist_related,unknown,unknown,low,good product available
a089a35dabdff7e68c17,play_store,pricing_discounts_and_value,positive,0.85,False,not_wishlist_related,medium,unknown,low,useful and money save
a0fb4e34bfa908c4e60b,reddit,product_quality_and_accuracy,positive,0.9,False,not_wishlist_related,medium,unknown,low,i like westside
a17811d74825f652eab4,play_store,delivery_returns_and_refunds,negative,0.9,False,not_wishlist_related,unknown,unknown,high,i ortered a product which was not delivered and it ' s showing on app that it ' s delivered i called delivery boy and he said i ' ll deliver tomorrow then i said why did you delivered it you should postpone the date for tomorrow. i complained about this in help centre first time call came from their support team they said product will deliver today in the evening product was not delivered yet next day he came withe another product and said i forgot your product i will deliver tomorrow again not deliver
a1e41779b80773dce3bd,reddit,pricing_discounts_and_value,negative,0.9,False,not_wishlist_related,unknown,unknown,high,myntra is just the worst now - deleting accounts for no reason - charging 20 rs on every order - 10 rs extra for cod - dirty packaging - near expiry products - not sending designated said freebies to * name a few *
a1f6a25fb8664d91b664,play_store,support_payment_and_app_experience,positive,0.9,False,not_wishlist_related,medium,unknown,low,very amazing app for shopping
a2793525ea5bb5a41672,reddit,delivery_returns_and_refunds,negative,0.9,False,not_wishlist_related,unknown,unknown,high,"wth happened to myntra? first they started thsi weird convenience fee thing and keeping tabs on how many returns were made. now they ' re not having the return items picked up on all 3 attempts? and when you open queries on their website, they close them without resolving it. they seem to have so much money with all the ad campaigns with celebs then why loot customers? it ' s sad as this was the first online site i started shopping on, and it has just deteriorated overtime."
a28f37a4c90e4d5e3bec,app_store,pricing_discounts_and_value,positive,0.9,False,not_wishlist_related,high,unknown,low,i find budget things here and sales are also meaningful
a2a59e696d124101688e,play_store,product_quality_and_accuracy,positive,0.8,False,not_wishlist_related,high,unknown,low,"batter than amazon, flipkart"
a3819eee98ca5bcadc4d,play_store,delivery_returns_and_refunds,negative,0.95,False,not_wishlist_related,low,abandoned,high,"terrible customer service. their delivery executive picked up my return and has lost it in transit. because of that they are refusing to provide me refund. customer service only give standard responses, and are only trained for how fast they can close the tickets. zero accountability. never using this app again."
a3c144f9d9909511bcd1,reddit,size_fit_and_availability,negative,0.85,False,not_wishlist_related,low,unknown,medium,agreed! they just sometimes have what i need so i end up on the app reluctantly but i wish there were better options. nykaa fashion is also not the best with their cs
a3d7d710f5dfd79aa248,app_store,product_quality_and_accuracy,positive,0.9,False,not_wishlist_related,high,unknown,low,great product
a3f8cbea7f9f2a543637,play_store,product_quality_and_accuracy,negative,0.9,False,not_wishlist_related,low,unknown,high,"worst app experience, i have been using myntra since 2021 and never faced any issue with product quality or refunds. but recently i have been facing product quality issues a lot. the last 5 - 6 products i have ordered look very different from what they look in the app also the quality is pathetic. on returning the bad quality item they don ' t even give a full refund, some of the refund amount is always deducted as myntra cash which you can never redeem. the quality of myntra has downgraded a looott"
a445887add5976afab44,reddit,size_fit_and_availability,positive,0.8,False,not_wishlist_related,high,unknown,low,i sometimes find amazing indian wear from meesho of all places. i think those offline stores put up on meesho too. but we need to dig deep
a470b1416107a6e77f90,play_store,product_quality_and_accuracy,positive,0.9,False,not_wishlist_related,high,unknown,low,best quality product in this app
a476bbfcdbbfe4dd463b,reddit,support_payment_and_app_experience,negative,0.8,False,not_wishlist_related,low,unknown,medium,"i feel not to order online only, it ’ s better to go out and buy."
a478a42519f6432418b4,play_store,product_quality_and_accuracy,positive,0.9,False,not_wishlist_related,high,unknown,low,amazing superb
a49c43afec7669dd2696,play_store,support_payment_and_app_experience,positive,0.9,False,not_wishlist_related,unknown,unknown,low,i only use myntra this was very trustful app love it..
a4e57060301746dc7538,play_store,product_quality_and_accuracy,positive,0.95,False,not_wishlist_related,high,purchased,low,"very good product, as per my expectations and delivered on time"
a53942b7475da6edba6f,play_store,support_payment_and_app_experience,positive,0.8,False,not_wishlist_related,unknown,unknown,low,very asom experience
a548ca79a7dc9e9bdb76,play_store,pricing_discounts_and_value,negative,0.9,False,not_wishlist_related,unknown,unknown,high,"i ' ve recently logged in as new user and ordered an item, it got shipped but they are saying it got cancelled without giving any reason, hahah but i believe reason was i ordered for first time with 200 discount coupon and now when i ' m ordering again coupon is not applicable, ridiculous my first order wasn ' t even delivered but i ' m not able to get first order benefits! why myntra"
a58a3851d9fcd967de28,play_store,product_quality_and_accuracy,positive,0.9,False,not_wishlist_related,high,purchased,low,from the last 10 years i ' m buying products from myntra and literally i want to admit that buying the latest and genuine clothes myntra is best.
a58cd52a47a6e6c51628,play_store,support_payment_and_app_experience,positive,0.6,False,not_wishlist_related,unknown,unknown,low,overall grt
a5c9ec2f3a19cce65315,reddit,support_payment_and_app_experience,negative,0.8,False,not_wishlist_related,unknown,unknown,medium,i just deleted the app
a602f6d5aa6d0c334d5d,play_store,product_quality_and_accuracy,positive,0.9,False,not_wishlist_related,high,purchased,low,this app is good and good delivery and quality of product is good
a66eb55ae7cc3f318a41,play_store,product_quality_and_accuracy,positive,0.9,False,not_wishlist_related,high,purchased,low,loved the product and quality
a73d1376cc28f7e678c4,play_store,product_quality_and_accuracy,positive,0.9,False,not_wishlist_related,high,purchased,low,perfect for genuine shopping
a743decfaff1aa0735cb,play_store,support_payment_and_app_experience,positive,0.95,False,not_wishlist_related,unknown,unknown,low,"very nice, easy to use"
a7c68996ed264c3a5bad,play_store,support_payment_and_app_experience,positive,0.95,False,not_wishlist_related,unknown,unknown,low,very good and i like this app
a80248f9c32f1e5e177a,play_store,delivery_returns_and_refunds,positive,0.95,False,not_wishlist_related,unknown,unknown,low,nice products and got product delivered on time
a806b8fa8b24e38587be,play_store,support_payment_and_app_experience,positive,0.95,False,not_wishlist_related,unknown,unknown,low,great service
a84e6333c470535caf34,play_store,support_payment_and_app_experience,positive,0.95,False,not_wishlist_related,unknown,unknown,low,nice app for shopping.
a8a45089b9c639d7750e,play_store,support_payment_and_app_experience,positive,0.95,False,not_wishlist_related,unknown,unknown,low,very good awesome
a8a90cb401900916d4c4,play_store,product_quality_and_accuracy,positive,0.95,False,not_wishlist_related,unknown,unknown,low,myntra is best shopping app.. its never disappoints you best product best quality and best price.. myntra
a8ae1f8e2781f130385f,play_store,support_payment_and_app_experience,positive,0.95,False,not_wishlist_related,unknown,unknown,low,i always happy with myntra.
a8c594e2e2add4e1932b,reddit,support_payment_and_app_experience,negative,0.9,False,not_wishlist_related,unknown,unknown,low,"“ unfortunately your submission on r / indianfashionaddicts was automatically removed because your account is too new. we allow account which are atleast 21 days old to post here. we take this step in order to reduce spam and trolls. * i am a bot, and this action was performed automatically. please [ contact the moderators of this subreddit ] ( / message / compose /? to = / r / indianfashionaddicts ) if you have any questions or concerns. *"
a9e43a0e11a74ec9ebbb,play_store,support_payment_and_app_experience,positive,0.95,False,not_wishlist_related,unknown,unknown,low,every time l shop myntra my experience great thanks myntra
aab0e3de7c06e2012e9d,reddit,support_payment_and_app_experience,negative,0.8,False,not_wishlist_related,unknown,unknown,low,haven ' t bought from myntra since last eors december ajio is much better..
aad54463199f22e594e2,play_store,product_quality_and_accuracy,positive,0.9,False,not_wishlist_related,unknown,unknown,low,geniune product
aba888d507761434e627,reddit,pricing_discounts_and_value,neutral,0.6,False,not_wishlist_related,unknown,unknown,low,"same with that ’ s what i have to shop, but i have less amount."
aba90b9a6703b85fcfe6,play_store,support_payment_and_app_experience,positive,0.9,False,not_wishlist_related,unknown,unknown,low,"amazing app for shopping app catagory citizens... best brands with best affordable prizes, i love myntra."
abc5ba6ce6e3ca0ee78f,play_store,support_payment_and_app_experience,positive,0.8,False,not_wishlist_related,unknown,unknown,low,great experience
abcb3739b26b6ec2cc94,play_store,support_payment_and_app_experience,positive,0.8,False,not_wishlist_related,unknown,unknown,low,this is the best for shopping
ac2da18cda033d89f9e0,play_store,product_quality_and_accuracy,positive,0.9,False,not_wishlist_related,unknown,unknown,low,genuine product and good qualities
acc179dbd7fdff6bdd1c,play_store,pricing_discounts_and_value,positive,0.9,False,not_wishlist_related,unknown,unknown,low,good and genuine products at best price
ae7d276295bac2777bd2,play_store,support_payment_and_app_experience,positive,0.8,False,not_wishlist_related,unknown,unknown,low,very good platform for clothes
ae908981a38eac1fe544,play_store,product_quality_and_accuracy,neutral,0.7,False,not_wishlist_related,unknown,unknown,low,"good or bad product, it depends on the seller but right now it is ok."
aea8c06b50982b7255ce,play_store,support_payment_and_app_experience,neutral,0.7,False,not_wishlist_related,unknown,unknown,medium,good for product. but not for fast and responsive
aeb31ce19a92f4b34ed9,app_store,support_payment_and_app_experience,positive,0.9,False,not_wishlist_related,high,unknown,low,best shopping
aec20235e8915ed12c9d,play_store,support_payment_and_app_experience,positive,0.9,False,not_wishlist_related,high,unknown,low,i love myntra
af0350d81f121c915ac5,play_store,support_payment_and_app_experience,positive,0.9,False,not_wishlist_related,high,unknown,low,best app quality
afa9197f34df109698eb,play_store,support_payment_and_app_experience,positive,0.9,False,not_wishlist_related,high,unknown,low,nice service
afc5dca0fc97df43dd06,play_store,support_payment_and_app_experience,positive,0.95,False,not_wishlist_related,unknown,unknown,low,myntra shopping app is very very good shopping app as compared toothers an d it is trustworthy. thankyou so much.
afd89790f93e0560602c,play_store,support_payment_and_app_experience,positive,0.95,False,not_wishlist_related,unknown,unknown,low,very good myntra
affb6d28edfcf1a935a9,play_store,support_payment_and_app_experience,positive,0.95,False,not_wishlist_related,unknown,unknown,low,"myntra stands out as one of india ' s premier destinations for online fashion, beauty, and lifestyle shopping. boasting an extensive catalog of top - tier domestic and international brands, it aims to deliver a modern, trend - focused retail experience straight to your smartphone. my best online shopping application"
b02db852093dfc1e3fa0,play_store,delivery_returns_and_refunds,negative,0.9,False,not_wishlist_related,low,abandoned,high,"i don ' t know about others but the last item i ordered i had put the wrong address. so i instantly cancelled it, it was upi payment and it ' s been 10 - 12 days the are still not refunding it. the customer care just used to say we have done the refund while i didn ' t get any. further the ask me to go to sbi branch."
b0308d350ec10fac085c,reddit,delivery_returns_and_refunds,neutral,0.7,False,not_wishlist_related,high,purchased,medium,i recently ordered air force 1 for my sister and nb550 for me. the box for the new balance was in bad shape but the shoes were amazing. ig its just the clothes that have that issue?
b0770fe957e07478f041,play_store,product_quality_and_accuracy,positive,0.9,False,not_wishlist_related,unknown,unknown,low,it ' s gr8 never seen quick change of skin through this product
b077b385ab03f791132b,reddit,size_fit_and_availability,neutral,0.6,False,not_wishlist_related,unknown,unknown,low,"offline stores - any local well known shops for indian wear, h & amp ; m, mango, only, levi ' s, west side, lifestore, pantaloons, max etc... online stores - [ came across this comment ] ( https : / / www. reddit. com / r / indianbeautytalks / s / 9xxmenaqla ) diamond lady, offduty, and any local online insta pages.. there ' s plenty of only boutiques in my area ( kolkata )"
b09fa81184f17406d4d5,reddit,product_quality_and_accuracy,negative,0.95,False,not_wishlist_related,low,unknown,high,"is it just me, or has the quality of clothes on myntra dropped a lot recently? i ’ ve been ordering from myntra for years because it used to feel more reliable than other platforms. but lately, the clothes i ’ m receiving feel very similar to what you ’ d get on cheaper apps — thin fabric, poor stitching, and not matching the images properly. the weird part is the pricing. you ’ re still paying premium prices, but the quality feels like it doesn ’ t justify it anymore. i ’ m not saying everything is awful, but the consistency is definitely not what it used to be. has anyone else experienced this situation? or am i just getting unlucky with my orders? would like to know if others are facing the same issue or if there are better alternatives now."
b0b2abfdb62f15f8e138,play_store,support_payment_and_app_experience,negative,0.8,False,not_wishlist_related,unknown,unknown,medium,4 din se my cash me better luck next time aa rahe hai point hi nahi de rahe
b0b500a77db64b0a95e7,play_store,product_quality_and_accuracy,positive,0.9,False,not_wishlist_related,unknown,unknown,low,wonderful myntra
b103837439029df96fd9,play_store,product_quality_and_accuracy,positive,0.9,False,not_wishlist_related,unknown,unknown,low,genuine products
b15b4c4dcd696932bc7b,play_store,delivery_returns_and_refunds,negative,0.9,False,not_wishlist_related,unknown,unknown,high,duniya ka sabse bekar aapka app delivery time ko delay karte jaenge aapke aur bad mein use cancel kar denge
b2040834acd4c06f8536,play_store,product_quality_and_accuracy,positive,0.9,False,not_wishlist_related,unknown,unknown,low,i am so happy
b206dee91bfca07f38fd,play_store,support_payment_and_app_experience,negative,0.8,False,not_wishlist_related,unknown,unknown,medium,i bad experience
b26f22d8463e2c88e0ca,play_store,product_quality_and_accuracy,positive,0.9,False,not_wishlist_related,unknown,unknown,low,the fragrance is marvellous and very rich.
b2814d60944e72e8c25a,play_store,support_payment_and_app_experience,positive,0.9,False,not_wishlist_related,unknown,unknown,low,myntra online shopping app is actually very good platform to buying brand and comfortable product using for everyone.
b29ee66eb9557335a01e,play_store,support_payment_and_app_experience,positive,0.9,False,not_wishlist_related,unknown,unknown,low,nice experience
b35a49aa02ef48854f71,play_store,delivery_returns_and_refunds,negative,0.95,False,not_wishlist_related,unknown,abandoned,high,i have ordered two t shirts on 21 may and they will received on 23 may but when i was check the status they automatically cancelled i thought that it was small circumstances but again i have ordered on 25 may they will received on 30 may but they automatically cancelled on 28 may it was my biggest that is i have ordered by this app it is very shameless app and my welcome offer have gone. so please solve your application problem.
b389ca1781f51c0a4a26,play_store,support_payment_and_app_experience,negative,0.9,False,not_wishlist_related,unknown,abandoned,high,"not trust worthy, i applied 2 orders, but received only one, payment done for 2, contacted customer support but no use, very bad app, don ' t install"
b3b4e66060af3834210d,play_store,pricing_discounts_and_value,positive,0.9,False,not_wishlist_related,unknown,unknown,low,wide range to choose from. excellent to buy from during sales
b413b9beacbe79b9c905,play_store,pricing_discounts_and_value,positive,0.9,False,not_wishlist_related,unknown,unknown,low,good app and all products price
b42e6eefc375ca6596a7,play_store,support_payment_and_app_experience,positive,0.9,False,not_wishlist_related,unknown,unknown,low,most satisfying
b45e2aa30258c764ca53,play_store,product_quality_and_accuracy,positive,0.9,False,not_wishlist_related,unknown,unknown,low,good quality of clothes and branded
b52f3b01e64cf33af376,play_store,support_payment_and_app_experience,positive,0.9,False,not_wishlist_related,unknown,unknown,low,nice mitra
b5746768627304c98e7b,reddit,support_payment_and_app_experience,negative,0.9,False,not_wishlist_related,unknown,unknown,high,"you ’ re absolutely correct. myntra is so bad, i ’ ve considered shopping fron nykaa. ( which is really a new low considering nykaa is pathetic too ). i am considering shopping from stores now."
b5c98c185765de7daa4b,play_store,product_quality_and_accuracy,positive,0.9,False,not_wishlist_related,high,unknown,low,every thing is good no complaint
b5cb94d93ef95c385630,play_store,delivery_returns_and_refunds,positive,0.9,False,not_wishlist_related,high,unknown,low,good to go with and very good delivery also..
b5d77a1b9a4ccd907e88,play_store,product_quality_and_accuracy,positive,0.9,False,not_wishlist_related,high,unknown,low,one of the best online shopping app products has amazing
b616a78dd4971dbc8f9c,reddit,delivery_returns_and_refunds,negative,0.9,False,not_wishlist_related,low,abandoned,high,they have conveniently cancelled two of my orders recently. i was so excited for them. not gonna shop on myntra anymore.
b6ab75fef650aa918729,play_store,product_quality_and_accuracy,positive,0.9,False,not_wishlist_related,high,unknown,low,awesome
b731052a89d2731a6212,reddit,pricing_discounts_and_value,neutral,0.7,False,not_wishlist_related,unknown,unknown,low,did you got platform fee of 20rs back?
b7386d6d7e6fd6aa0df5,reddit,support_payment_and_app_experience,negative,0.6,False,not_wishlist_related,unknown,unknown,low,kiara advani ko diya hoga wo paisa bhadwo ne
b7a0bd4c74862c179f24,play_store,product_quality_and_accuracy,positive,0.9,False,not_wishlist_related,high,unknown,low,"i am always happy with myntra, myntra never disappointed me"
b879f7c2689591689f44,reddit,support_payment_and_app_experience,negative,0.9,False,not_wishlist_related,low,abandoned,high,idk wtf is wrong with the app. i keep receiving orders that i haven ’ t placed and the pick up guys keep showing up at my door asking for return
b8db10b07c6bc7b86989,play_store,support_payment_and_app_experience,negative,0.9,False,not_wishlist_related,low,abandoned,high,"they do not provide quick customer support, and they don ' t accept product exchanges. """
b8fe7f8ae6b1c1336ba5,reddit,product_quality_and_accuracy,negative,0.9,False,not_wishlist_related,low,unknown,high,"every brand on myntra is sourcing clothes from other countries, which look good in pictures but are really cheap in real."
b9249ac437344eb38508,play_store,product_quality_and_accuracy,positive,0.8,False,not_wishlist_related,high,unknown,low,for clothing choose mantra
b981ddb36765473d09e5,play_store,delivery_returns_and_refunds,positive,0.9,False,not_wishlist_related,unknown,unknown,low,good develery
b986d73ca18e8e61b867,play_store,product_quality_and_accuracy,positive,0.9,False,not_wishlist_related,high,unknown,low,myntra is the best
b9c905b8bf4cc5544600,play_store,support_payment_and_app_experience,neutral,0.8,False,not_wishlist_related,unknown,unknown,low,"didn ' t pay first, only pay after goods recieved"
b9cb554b336489d720bd,play_store,product_quality_and_accuracy,neutral,0.7,False,not_wishlist_related,unknown,unknown,low,sometime the products are magical and sometime tragic
ba27d1508186f217ccda,play_store,product_quality_and_accuracy,positive,0.9,False,not_wishlist_related,high,unknown,low,i 100 % believe in myntra product always pure
ba361c3ad070929afc17,reddit,pricing_discounts_and_value,negative,0.9,False,not_wishlist_related,low,unknown,high,"oh my god, yes! first, they charge a platform fee, then a cash - on - delivery fee. a ₹200 product ends up costing ₹500 in the end"
ba893095a3f69d3d987b,reddit,delivery_returns_and_refunds,negative,0.9,False,not_wishlist_related,low,unknown,high,try use amazon for showpiece and glass items i never had a problem with amazon neither with delivery nor with returns on damaged product myntra and nykaa are getting worse with each day passing i so wish to start a hate campaign for both of them
bad07bd53a10293d0006,reddit,product_quality_and_accuracy,positive,0.8,False,not_wishlist_related,high,unknown,low,i was surprised to use meesho and their quality is at par amazon and flipkart now ( metro city ). try that app if you live in metro.
badc8352300598fd2123,play_store,support_payment_and_app_experience,positive,0.95,False,not_wishlist_related,unknown,unknown,low,best app for shopping
bb582ec5a1c9ce41a5d3,play_store,delivery_returns_and_refunds,negative,0.85,False,not_wishlist_related,unknown,unknown,high,"while returning the product all amounts are not credited to the bank account, some are created to account and some are to myntra cash. if the amount is being returned to myntra cash then why is the amount being expired for? why doesn ' t it stay in the wallet for further use. on the other hand, why are all the cash rewards that are being earned expired? this step of myntra is so disappointing."
bb74fca66396428d9d53,reddit,wishlist_and_cart_reliability,negative,0.9,True,stock_and_size_availability,low,abandoned,high,"i ’ ve noticed something really frustrating with myntra. every time i add a product to my wishlist or cart, planning to buy it after a few days or during a sale, the price suddenly increases, or the product becomes unavailable in my area, or just goes out of stock for a long time. it feels way too coincidental. sometimes i get impatient and end up buying the same product from another platform at a higher price. but then, the very next day, when i check myntra again, it ’ s suddenly back in stock and even available at a lower, discounted price. i genuinely don ’ t understand how or why this keeps happening, but it ’ s extremely annoying. i honestly hate this experience with myntra, i absolutely hate myntra!"
bc46aa25fafdd38a5bde,play_store,product_quality_and_accuracy,positive,0.95,False,not_wishlist_related,unknown,unknown,low,superb service and product
bcd8643c23a8d982bbcf,play_store,delivery_returns_and_refunds,positive,0.95,False,not_wishlist_related,unknown,unknown,low,myntra app is really excellent for shopping for men and women. the products are genuine and original. delivery happens on time or before time.
bce5fb91fe7586b566b8,play_store,support_payment_and_app_experience,positive,0.95,False,not_wishlist_related,unknown,unknown,low,my first choice is myntra... always
bceaad3198f2ac3d385b,play_store,support_payment_and_app_experience,positive,0.95,False,not_wishlist_related,unknown,unknown,low,nice app all in one brands avlbl on genuine
bd0e082840060054ef80,play_store,delivery_returns_and_refunds,positive,0.95,False,not_wishlist_related,unknown,unknown,low,just love to shop here in myntra no hussle for returning anything
bd753c3007e95ba79c38,play_store,product_quality_and_accuracy,positive,0.95,False,not_wishlist_related,unknown,unknown,low,"myntra is the best. quality, price & service excellent. always satisfied. thanks myntra.."
bd9137f459102a3cf70e,play_store,support_payment_and_app_experience,positive,0.95,False,not_wishlist_related,unknown,unknown,low,good shoping app
bda0523a5db73dc6ef91,play_store,support_payment_and_app_experience,negative,0.95,False,not_wishlist_related,low,abandoned,high,worst shopping apps no customer support stupid service disgusting will never suggest anyone to do shopping from this app.
bdb3add192ce83205b64,play_store,support_payment_and_app_experience,positive,0.9,False,not_wishlist_related,high,purchased,low,very nice service.
bdfc9350521d4846fd58,play_store,delivery_returns_and_refunds,positive,0.95,False,not_wishlist_related,high,purchased,low,"i love using myntra because the items are delivered very fast and safe, and it has a fantastic collection of brands. the app interface is smooth and makes it really easy to find exactly what i am looking for. i also appreciate the myntra insider loyalty program which rewards frequent shoppers. the return and exchange policy is usually hassle - free, making it a highly reliable shopping platform."
be06f4180ce7c085538d,reddit,support_payment_and_app_experience,neutral,0.6,False,not_wishlist_related,unknown,unknown,low,which conditioner / mask you want? i have l ' oreal mask and wanted to sell because i don ' t use.
be7e08c4f4dd0c8beb8d,play_store,product_quality_and_accuracy,positive,0.9,False,not_wishlist_related,high,purchased,low,myntra is best service and quality provider of real brand products
be8d7e0439fef2c75c83,play_store,product_quality_and_accuracy,positive,0.85,False,not_wishlist_related,high,purchased,low,best for dresses.
becf282fb3672f6abe31,play_store,delivery_returns_and_refunds,negative,0.9,False,not_wishlist_related,low,abandoned,high,very bad experience with myntra. pehle uska sab accha tha. uski products aur uski return policy bhi. abhi to return policy bhi bekar kar di hai. pure paise bhi wapas nahi milta hai. isse accha ki shop se leke aaye. atleast waha material aur size sab thik se dekh ke trial kar ke le sakte hai. yaha pe to sab cheating hi ho rahi hai.
bedae128985ce7d19201,play_store,support_payment_and_app_experience,positive,0.9,False,not_wishlist_related,high,purchased,low,i love it... nice
bedd8e07f27530771fae,play_store,pricing_discounts_and_value,positive,0.9,False,not_wishlist_related,high,purchased,low,"the app is really very good and the weather is price or product qualities that it suggests in a lower price plus give more offer / discount and many more, just go for it one of the best app i ever downloaded."
bf8fc60fd6418df530e1,play_store,delivery_returns_and_refunds,positive,0.9,False,not_wishlist_related,high,purchased,low,myntra always deliver quality
c05f6217fcf11fd1f465,play_store,support_payment_and_app_experience,negative,0.9,False,not_wishlist_related,low,unknown,high,worst app. not at all good response
c092be0fda0f3b82209c,play_store,support_payment_and_app_experience,negative,0.9,False,not_wishlist_related,low,unknown,high,don ' t install this app. worst app in play store. flipkart cart is best
c0b5a0fb39f61a75d829,reddit,support_payment_and_app_experience,negative,0.9,False,not_wishlist_related,unknown,unknown,medium,"you ’ re right that ’ s not done. i completely agree with you, shady practices shouldn ’ t be encouraged. i actually just buy from the brand store or offline store or brand website during sale season and discount - it works for me, in case it helps."
c0e95b64147169724c2d,play_store,support_payment_and_app_experience,negative,0.9,False,not_wishlist_related,low,unknown,high,"worst experience ever! do not install! absolutely useless app and worst customer support. they don ' t process returns or refunds properly, and their support center gives no response. very bad service. don ' t waste your time and money on myntra!"
c1480e5f1b2d22044090,play_store,delivery_returns_and_refunds,negative,0.9,False,not_wishlist_related,unknown,unknown,high,"bahut hi bad experience. mera ₹280 ka refund abhi tak receive nahi hua, jabki myntra bol raha hai refund process ho gaya hai. customer support se bhi proper help nahi mil rahi aur call bhi connect nahi hota. agar refund sach me process hua hai to mujhe upi rrn / utr provide karein taaki main bank se verify kar sakun. please meri problem jaldi solve karein."
c17fb1d010b28005dc0e,play_store,support_payment_and_app_experience,positive,0.9,False,not_wishlist_related,high,unknown,low,best app for clothes and shoes
c1f2813c679c4c0133dc,play_store,support_payment_and_app_experience,negative,0.9,False,not_wishlist_related,low,unknown,high,don ' t shoping this aap ye log customer ko bebquf banate hai oder galt bejkar return lete nii customer support me time pass karte time de dekar
c20f912bb4d6a852325d,play_store,product_quality_and_accuracy,positive,0.9,False,not_wishlist_related,high,unknown,low,nice product
c23cb3f081bd59f94f8d,play_store,pricing_discounts_and_value,positive,0.9,False,not_wishlist_related,high,unknown,low,"good product, good offers compared to other apps"
c24459092019b67354e8,play_store,delivery_returns_and_refunds,positive,0.9,False,not_wishlist_related,high,unknown,low,fast delivery great
c2769df02bb1dffdd0be,reddit,support_payment_and_app_experience,positive,0.9,False,not_wishlist_related,unknown,unknown,low,you are right they responded when i replied to one of their tweets. hope the problem gets sorted
c2ac11cb212065fae32d,play_store,product_quality_and_accuracy,positive,0.95,False,not_wishlist_related,unknown,unknown,low,best quality
c2d09fbfd6d6cd7f180d,play_store,delivery_returns_and_refunds,positive,0.9,False,not_wishlist_related,unknown,unknown,low,nice app for shopping and also faster delivery
c2edb2e1ea95b91dacb4,play_store,pricing_discounts_and_value,positive,0.9,False,not_wishlist_related,unknown,unknown,low,best with quality... variety.. and amazing discount on brands in love myntra
c32266be4ede9c0af339,play_store,product_quality_and_accuracy,positive,0.9,False,not_wishlist_related,unknown,unknown,low,this app is very genuine and trusted shopping brands are too good quality i love mynthra
c33b2495328acae77db0,play_store,support_payment_and_app_experience,positive,0.85,False,not_wishlist_related,unknown,unknown,low,use ful app for shopping
c3ac8bafb223e9b03284,play_store,support_payment_and_app_experience,positive,0.8,False,not_wishlist_related,unknown,unknown,low,unbelievable experience
c3b4fea8873a978e176a,reddit,delivery_returns_and_refunds,negative,0.95,False,not_wishlist_related,unknown,unknown,high,"yes! once they took two of my packets - one exchange and one return and claimed that they only got two. i raised so many queries, mails, calls and nothing good came out of it. i got the refund for the returned product, but the other one wasted. so unprofessional also. made it seem like my fault."
c3e7bf86188f526459c9,play_store,support_payment_and_app_experience,positive,0.85,False,not_wishlist_related,unknown,unknown,low,better experience with this shopping wala app
c4100d603f3e2878f681,play_store,pricing_discounts_and_value,negative,0.9,False,not_wishlist_related,unknown,unknown,medium,if you can ' t give products in sale please don ' t fool customers by tag of sale sale. my more than 2 products are cancelled.
c4342146f2becc345b7a,play_store,support_payment_and_app_experience,positive,0.9,False,not_wishlist_related,high,unknown,low,good app user frndly
c4347ac3134a71eb1268,app_store,support_payment_and_app_experience,positive,0.9,False,not_wishlist_related,high,unknown,low,excellent experience with myntra
c4e3c41f97c6a93b949c,app_store,support_payment_and_app_experience,neutral,0.3,False,not_wishlist_related,unknown,unknown,low,s cell s a gm a
c4f2fa3773edb6eb52bd,play_store,support_payment_and_app_experience,positive,0.9,False,not_wishlist_related,high,unknown,low,app experience is best
c4f8b25070afd35efd93,play_store,delivery_returns_and_refunds,positive,0.9,False,not_wishlist_related,high,unknown,low,"i love u myntra such a easy to shop and return exchange procces is too much easy, trusted and loved paltform i just ever feel. happy"
c5124369ba52324ba9ff,play_store,product_quality_and_accuracy,positive,0.9,False,not_wishlist_related,high,unknown,low,good and best materials
c521459b4386c11e1020,play_store,support_payment_and_app_experience,positive,0.9,False,not_wishlist_related,high,unknown,low,very good shopping app
c5e6adb9cec4d78d74c8,play_store,support_payment_and_app_experience,neutral,0.6,False,not_wishlist_related,unknown,unknown,low,thanks for sharing
c615ac231dc3df254759,reddit,support_payment_and_app_experience,negative,0.7,False,not_wishlist_related,low,unknown,medium,that sucks
c660ea1d10dade2f83d8,play_store,pricing_discounts_and_value,positive,0.9,False,not_wishlist_related,high,unknown,low,it gives products in adorable price
c672375d55c91f43dd47,play_store,support_payment_and_app_experience,positive,0.9,False,not_wishlist_related,unknown,unknown,low,it ' s a very good apps
c6ab42ce06148685f8b9,reddit,support_payment_and_app_experience,negative,0.85,False,not_wishlist_related,unknown,unknown,medium,i never had any issues with orders but their search function has become shit. it is very difficult to navigate app
c746640a396f85807a87,play_store,product_quality_and_accuracy,positive,0.9,False,not_wishlist_related,unknown,unknown,low,bestquality products.
c75a3e46b0da799d96a0,play_store,support_payment_and_app_experience,positive,0.9,False,not_wishlist_related,unknown,unknown,low,trusted app
c76094479447b4180036,reddit,support_payment_and_app_experience,negative,0.7,False,not_wishlist_related,unknown,unknown,medium,same happened with me just this week! i even went on social media but they have thick skin.
c7a0cd450f6147dbdb2e,play_store,support_payment_and_app_experience,positive,0.8,False,not_wishlist_related,unknown,unknown,low,"myntra definitely needs a dark mode theme because there are people like us, who often likes to shop during bedtime or mostly when they are at home relaxing. it is going to help so much. : ) all this years been waiting for this update but no updates as such till date."
c7bd9e2db1e0bed623f5,play_store,support_payment_and_app_experience,positive,0.9,False,not_wishlist_related,unknown,unknown,low,myntra is best
c7ec257003984a6f745a,play_store,product_quality_and_accuracy,positive,0.9,False,not_wishlist_related,unknown,unknown,low,nice products
c8513da7daa494d015e7,play_store,product_quality_and_accuracy,positive,0.9,False,not_wishlist_related,unknown,unknown,low,"this app is superb, this is authentic and genuine app"
c85df6ee09ac4e19eac5,play_store,size_fit_and_availability,negative,0.9,False,not_wishlist_related,unknown,unknown,high,i am using this myntra app for more than 12 years. i am a regular customer to this. still i am giving a 1 rating today as there is no number less than this. i have ordered 7 kurtis but found that the size is small as per my requirement. so i requested for an exchange. unfortunately the sales boy refused to exchange and told me they are not matching tags. how is it possible. i am not a new customer. i know the policy of exchange. the available tags are attached. very unprofessional approach.
c883eb7cdb0356505128,reddit,pricing_discounts_and_value,negative,0.9,False,not_wishlist_related,unknown,unknown,high,"& gt ; i know it is just a matter of 25 / - but atleast they could have offered store credit. exactly!! it ' s not about the small amount but it ' s about the intention of the company and how they treat their customers. they deliberately have their system designed in this way so that they can make profits off of gift wrapping fees and all. and they should not only give you the 25 refund but should also give you a coupon code for your next order as an apology. with this attitude, myntra ' s graph is sure to decline and somebody else will take it ' s place."
c8f5a89aa13fb4056469,play_store,support_payment_and_app_experience,positive,0.95,False,not_wishlist_related,high,unknown,low,"very good app, love shopping here and kind people and service team"
c9096637d1771143d07f,reddit,support_payment_and_app_experience,neutral,0.5,False,not_wishlist_related,unknown,unknown,low,yes they did. i was too persistent lol
c91b37a963cb92fa5be7,play_store,delivery_returns_and_refunds,negative,0.9,False,not_wishlist_related,unknown,abandoned,high,"this app is a trap,, not delivered parcel at time,, and also cancelled automatically,, and customer service guys are not getting perfect solution,, all are ash hole"
c92af397ffa1d15b7b43,play_store,support_payment_and_app_experience,positive,0.8,False,not_wishlist_related,high,unknown,low,easy shopping...
c962385463e9b6b47d15,play_store,delivery_returns_and_refunds,negative,0.9,False,not_wishlist_related,unknown,abandoned,high,from past 20 days they did not pickup my product!!
c9a9317a0e0a37694210,reddit,product_quality_and_accuracy,negative,0.9,False,not_wishlist_related,low,unknown,high,so a heads up. i ordered clothes from mango on myntra. went to the mango store in my home country to get some alterations - management told me they were fakes. so buyer beware.
c9b07ab15b96c459775e,play_store,support_payment_and_app_experience,negative,0.8,False,not_wishlist_related,unknown,unknown,medium,"this "" play to slay "" button is very irritating. how to disable it? it comes directly under thumb position while scrolling."
ca2cce0fe93f13d7d4bf,play_store,product_quality_and_accuracy,positive,0.9,False,not_wishlist_related,high,unknown,low,"it ' s good, it ' s cool, the product is good, it ' s original."
ca38cdde5644b366627f,play_store,pricing_discounts_and_value,positive,0.9,False,not_wishlist_related,high,unknown,low,easy to use app with great offers
ca6ff1bd53c94cc2a2a1,play_store,product_quality_and_accuracy,positive,0.9,False,not_wishlist_related,unknown,unknown,low,best product. i am 15 years i am followed to this myntra app
ca906fc8bd3eb389cdcf,play_store,support_payment_and_app_experience,positive,0.9,False,not_wishlist_related,unknown,unknown,low,"simple to connect with customer service, easy to navigate the app. i use various apps like amazon, flipkart, etc., but i find this app to be the easiest, smoothest, and best among them."
cadbf9b867bdfcf7b48b,play_store,product_quality_and_accuracy,positive,0.8,False,not_wishlist_related,unknown,unknown,low,every product is good
cb7bfcc869b9ec0c6914,play_store,product_quality_and_accuracy,positive,0.85,False,not_wishlist_related,unknown,unknown,low,trusted app with genuine products
cbe19aa8ac59503f0204,play_store,delivery_returns_and_refunds,negative,0.9,False,not_wishlist_related,unknown,unknown,high,worst customer service in india. i have ordered some items it was cancelled twice after reaching final delivery hub. i ordered now same issue. worstttttttt
cc1053823b75a7e86e06,play_store,support_payment_and_app_experience,positive,0.85,False,not_wishlist_related,unknown,unknown,low,good service on my first order.
cc22285d011ba269304c,play_store,product_quality_and_accuracy,positive,0.9,False,not_wishlist_related,unknown,unknown,low,"this app have the best designs and money worthy products and quality is too good, amd trustworthy products."
cc39bffc762c0656813b,play_store,support_payment_and_app_experience,positive,0.9,False,not_wishlist_related,unknown,unknown,low,excellent application isase sasta isase achcha application maine nahin dekha bahut achcha hai bahut excellent hai
cc5f5acdad127548251a,play_store,product_quality_and_accuracy,positive,0.7,False,not_wishlist_related,unknown,unknown,low,very impressive
cc7f2e52e8f08a682afb,play_store,product_quality_and_accuracy,negative,0.9,False,not_wishlist_related,unknown,unknown,high,it ' s very cheap quality all material please visit another application
cc8a883f65750f7c9e22,play_store,support_payment_and_app_experience,positive,0.9,False,not_wishlist_related,unknown,unknown,low,your site is one of the best
cca569723c875001cd4c,play_store,support_payment_and_app_experience,positive,0.9,False,not_wishlist_related,unknown,unknown,low,very good experience
ccc4e21cea2de84f04c4,reddit,delivery_returns_and_refunds,negative,0.9,False,not_wishlist_related,unknown,unknown,high,packages lost and material not up to the mark are actually hidden costs of online shopping. brick and mortar is more expensive but you can try before you buy.
cce70f04c6fed8125299,reddit,size_fit_and_availability,neutral,0.7,False,not_wishlist_related,unknown,unknown,low,the one i bought is sold out now but i ' m pretty sure there ' s more from some small business in up rajasthan n all. i just searched for sharara set on meesho and bought it. i also follow some fashion influencers that share links so they do the searching for me
cd3aa946004a0014ff14,play_store,support_payment_and_app_experience,negative,0.8,False,not_wishlist_related,unknown,unknown,low,very very poor services
cd5ed5856e6395f4720a,reddit,delivery_returns_and_refunds,negative,0.9,False,not_wishlist_related,unknown,unknown,high,so.. recently i ordered 2 shirts from myntra and got only one shirt but the package had the bill for two. the package was not tampered with or anything. so i immediately contacted the customer now they are saying they can ' t do anything. can anyone help me.
cd884fe90c39c9280600,play_store,support_payment_and_app_experience,positive,0.9,False,not_wishlist_related,unknown,unknown,low,best plateform.
cda3047fd4fb42263dff,reddit,support_payment_and_app_experience,neutral,0.7,False,not_wishlist_related,unknown,unknown,low,"hi, / u / biologicaldadofjesus! this is a reminder to ensure that your recent submission in / r / indianfashionaddicts follows all of our rules, which are visible in the sidebar. if it doesn ' t, your submission may be removed. * * attention commenters : read and follow the new rules in the sidebar before commenting. * * * i am a bot, and this action was performed automatically. please [ contact the moderators of this subreddit ] ( / message / compose /? to = / r / indianfashionaddicts ) if you have any questions or concerns. *"
cdaf09f03b43d4f5e9e7,play_store,product_quality_and_accuracy,neutral,0.7,False,not_wishlist_related,unknown,unknown,low,put more options in product
cdfcd66887f49c8edc68,play_store,support_payment_and_app_experience,positive,0.9,False,not_wishlist_related,unknown,unknown,low,loved the aapp
ce4415a232e550419b2b,play_store,pricing_discounts_and_value,positive,0.8,False,not_wishlist_related,unknown,unknown,low,very valuable
ce55980eae456d75df74,play_store,support_payment_and_app_experience,positive,0.9,False,not_wishlist_related,unknown,unknown,low,best shopping app i have ever use
ce57f19e09ea603c1bf6,play_store,support_payment_and_app_experience,positive,0.85,False,not_wishlist_related,unknown,unknown,low,awesome service.. and and trustable app
cec6353b5c170b18b305,play_store,support_payment_and_app_experience,positive,0.8,False,not_wishlist_related,unknown,unknown,low,nice experience for shopping it feels premium to shop from here
ced06d1391869d7d2aa3,play_store,delivery_returns_and_refunds,positive,0.85,False,not_wishlist_related,unknown,unknown,low,excellent and promt service on the confirmed date. very happy with myntra
cf9511f84934ddf9d9af,reddit,delivery_returns_and_refunds,negative,0.9,False,not_wishlist_related,unknown,unknown,high,wow. so you told them it was fake and that is why they didn ' t accept the return?!! unreal clownery by
cfa2e3eca8e29206134f,play_store,product_quality_and_accuracy,positive,0.85,False,not_wishlist_related,unknown,unknown,low,amazing product and good experience
cfb47cf285dc12b46a67,play_store,delivery_returns_and_refunds,negative,0.95,False,not_wishlist_related,unknown,unknown,high,bad customer service. not received refund with not my fault. i ordered 5 products from which i received 2 products and 1 different product and the other 2 products were missing. i complained to customer service but they refused to give me a refund saying that the item was shipped properly from their side. i bear a huge amount of loss.
cff5ba1f9d0ba07200d6,play_store,delivery_returns_and_refunds,negative,0.9,False,not_wishlist_related,unknown,unknown,high,"i was a loyal customer, i am going to discontinue this platform. first of all they take platform fee and if the seller itself is always sending wrong product on exchange, and you decide to return the product in frustration they still cut the marketfee price from total amount and refund the price. when the seller should be penalized for not cancelling the order if product is out of stock and continuosly wasting time by sending wrong product"
d01592e85809fdef2a5d,play_store,delivery_returns_and_refunds,negative,0.95,False,not_wishlist_related,unknown,unknown,high,""" very disappointing experience. i cancelled my order immediately, but i still haven ' t received my ₹647 refund. it ' s been many days, and despite contacting support and the bank, the refund has not been credited. please resolve this issue as soon as possible. poor service"
d06d0411334189495b49,play_store,product_quality_and_accuracy,positive,0.92,False,not_wishlist_related,low,unknown,low,"you can find great projects on mantra app, good quality, very nice."
d0efe548d024a9793013,play_store,product_quality_and_accuracy,positive,0.93,False,not_wishlist_related,low,unknown,low,very good app and product is also good and affordable
d0f1903dc2b727cd3df7,play_store,product_quality_and_accuracy,negative,0.88,False,not_wishlist_related,low,unknown,high,colgate max fresh blue colour mangai thi aur kuchh aur hi nikala i hate myntra aur aap sabhi myntra ko support mat karo
d190df3087f7c01f5caf,play_store,support_payment_and_app_experience,neutral,0.85,False,not_wishlist_related,medium,unknown,low,please allow cash on delivery
d1f4c450f13c9b576f8f,play_store,delivery_returns_and_refunds,positive,0.9,False,not_wishlist_related,low,unknown,low,very good delivery services
d230e86411ba01bf9e38,reddit,pricing_discounts_and_value,positive,0.91,False,not_wishlist_related,high,unknown,low,i only use myntra for buying cosmetics these days because they offer better discounts compared to nykaa.
d299998c4f76e9a5ca7d,play_store,support_payment_and_app_experience,positive,0.94,False,not_wishlist_related,low,unknown,low,best app in the world
d2d30eb627c4b1491b43,app_store,support_payment_and_app_experience,positive,0.9,False,not_wishlist_related,low,unknown,low,good experience
d2d8b0ee6d3e6f69deda,play_store,product_quality_and_accuracy,positive,0.89,False,not_wishlist_related,high,unknown,low,worth purchase
d2e7b4a958192519a8da,reddit,product_quality_and_accuracy,negative,0.87,False,not_wishlist_related,low,unknown,high,"especially for ethnic wear - it has "" scam "" written all - over. multiple brands ( at times more than 5 ) using the exact same stock image to advertise something as their product when it clearly is not, mislabeling product material ( labeling polyester as chanderi silk ), showing pictures of good quality clothes and delivering a "" dupe "" with somewhat similar design but horrendous quality, zero fineness, markedly different detailing, different color and material etc brands like anouk, libas, sangria used to be reliable untill few years back. not anymore. seems myntra is now only usefull to buy global brands like mango, levis etc. when there are better discounts than physical stores. this is so sad. if is as if they think indian consumer would just take the finger with smile. if anyone stumbles upon an alternate for online shoppers, would appreciate passing it forward."
d3401374316133e9f2b2,play_store,product_quality_and_accuracy,positive,0.9,False,not_wishlist_related,unknown,unknown,low,best food shopping
d3df4759c54028e23e0d,play_store,product_quality_and_accuracy,positive,0.9,False,not_wishlist_related,unknown,unknown,low,100 % satisfied
d42c9d016116d229ccfb,play_store,product_quality_and_accuracy,negative,0.95,False,not_wishlist_related,unknown,unknown,low,the description of the fabric is totally wrong
d45f5b7a75aae0ab476c,play_store,support_payment_and_app_experience,positive,0.85,False,not_wishlist_related,unknown,unknown,low,very good experience
d4b7249ac1352b548ac5,play_store,delivery_returns_and_refunds,positive,0.9,False,not_wishlist_related,unknown,unknown,low,"excellent experience. great products, fast delivery, easy returns."
d4fde084fb3e2df3356c,play_store,pricing_discounts_and_value,positive,0.9,False,not_wishlist_related,unknown,unknown,low,"mantra is a mantra to get affordable, reliable fashion related things with trust."
d4ff889cc7aa116e9710,app_store,delivery_returns_and_refunds,positive,0.9,False,not_wishlist_related,unknown,unknown,low,as a mumbai resident i have always received my products on time with 95 % of time getting exact and original product which i have ordered
d53303d04425187b4f45,play_store,delivery_returns_and_refunds,positive,0.9,False,not_wishlist_related,unknown,unknown,low,the next day delivery is mind blowing actually it ' s makes everything easier and faster and better very much happy with this app... everyone should download and experience its great service ' s and products are good obvious thing and with great packaging thanks to this app
d53661f4559c300d9323,play_store,product_quality_and_accuracy,positive,0.9,False,not_wishlist_related,unknown,unknown,low,very good product received from myntra
d54c4a69665056fc9a39,play_store,size_fit_and_availability,positive,0.85,False,not_wishlist_related,unknown,unknown,low,it was amazing and worth the cost and a very comfortable sandal. only thing i had ordered 38 size and i received 37 but the best part is it fits me perfectly. would suggest to buy one size smaller.
d57088a7e6ce0954b755,play_store,delivery_returns_and_refunds,negative,0.9,False,not_wishlist_related,unknown,unknown,high,"your delivery service is always late. "" "" your delivery agents always arrive late. "" "" why do your people deliver thing"
d581d9cee1cff177532b,play_store,product_quality_and_accuracy,positive,0.8,False,not_wishlist_related,high,unknown,low,good product and good. money ' s
d58b6feec00e316caeda,play_store,support_payment_and_app_experience,negative,0.7,False,not_wishlist_related,unknown,unknown,high,worst platform
d6356baff7cd3bbcc84b,play_store,product_quality_and_accuracy,positive,0.9,False,not_wishlist_related,high,purchased,low,i love myntra thank you for the wonderful products i ordered from myntra
d6386ffa6120ce4c1be8,play_store,support_payment_and_app_experience,positive,0.9,False,not_wishlist_related,high,purchased,low,best app love it
d66758aad97cf45b4b81,play_store,pricing_discounts_and_value,neutral,0.7,False,not_wishlist_related,medium,unknown,medium,product prices high rehta hai but products bhaut accha hota hai
d6e3d52e2cd16aa84d47,play_store,support_payment_and_app_experience,positive,0.8,False,not_wishlist_related,high,purchased,low,perfect place for shopping
d74196f003e1c4afd1ce,reddit,product_quality_and_accuracy,negative,0.95,False,not_wishlist_related,low,abandoned,high,"ig it always was, just that now more people are affected by this due to their shitty quality check. i received a fake flying machine hoodie. complained about it and the customer support told i can ' t return / exchange because it wasn ' t the original also, after that they levied a 200 rs convenience fee for raising return requests on this order. i used to buy a lot from myntra but never bought a single article after this episode."
d789f54bbb54d3925483,play_store,delivery_returns_and_refunds,positive,0.9,False,not_wishlist_related,high,purchased,low,yes it was a great experience because delivery is fast within tomorrow to your house.
d7d01338861a8b9c009a,play_store,support_payment_and_app_experience,positive,0.9,False,not_wishlist_related,high,purchased,low,amezing platform
d81a1e6158bb8fef1a69,play_store,support_payment_and_app_experience,negative,0.9,False,not_wishlist_related,unknown,unknown,high,funds transfer is not effective
d84c30aa3ef9e66b08f8,play_store,support_payment_and_app_experience,positive,0.7,False,not_wishlist_related,unknown,unknown,low,very good
d84cc24339290c1634ff,play_store,product_quality_and_accuracy,positive,0.8,False,not_wishlist_related,unknown,unknown,low,very nice products and services is very good
d86247705c38f0c4004c,play_store,delivery_returns_and_refunds,negative,0.95,False,not_wishlist_related,unknown,unknown,high,"very worst experience with myntra. my order was delivered, but the app incorrectly shows "" delivery failed, "" so i cannot return the product. i have been raising complaints since 13 july and have shared the invoice and product photos as requested. despite repeated calls and emails, customer support only keeps saying "" wait 24 – 48 hours. "" it has been over 17 days with no resolution. i just want my return processed and my refund issued. but don ' t know when they will give my return"
d93e48e5342aa66f9fd1,play_store,support_payment_and_app_experience,positive,0.7,False,not_wishlist_related,unknown,unknown,low,better app
d97720d52ad511b4d5c0,play_store,support_payment_and_app_experience,positive,0.7,False,not_wishlist_related,unknown,unknown,low,mind blowing app
d9814d177267190dd44b,reddit,delivery_returns_and_refunds,negative,0.9,False,not_wishlist_related,unknown,unknown,medium,"attempts to pick up for return and keeping tabs on return are international practices. in fact sometimes sephora us doesn ’ t let you return some items if your returns are quite frequent. lot of people have been exploiting return by ordering excess trying on and returning. these are normal practices, however i do not agree with convenience fees part, with rising cost of living what is the convenience fees a customer have to pay? that ’ s absurd."
d9bf77d12b87ec933bbd,play_store,pricing_discounts_and_value,positive,0.8,False,not_wishlist_related,unknown,unknown,low,more useful app for shopping lowest price in best product
da44b35d3112dd3bb9ae,play_store,support_payment_and_app_experience,positive,0.7,False,not_wishlist_related,unknown,unknown,low,better than any other plateform
da5badc94d0572833859,play_store,support_payment_and_app_experience,positive,0.7,False,not_wishlist_related,unknown,unknown,low,good shopping app
da733cd22659feea514b,play_store,support_payment_and_app_experience,positive,0.9,False,not_wishlist_related,unknown,unknown,low,very useful and trusted app
da8cf580f27d1ae4a3e5,reddit,pricing_discounts_and_value,positive,0.9,False,not_wishlist_related,unknown,unknown,low,"even brick and mortar clothing lines have massive discounts going on sometimes. lifestyle, pantaloons and trends almost always have something on sale."
dab0ac4fb8ce97ab6687,reddit,delivery_returns_and_refunds,negative,0.9,False,not_wishlist_related,unknown,unknown,high,they haven ' t refunded my order when it was them who canceled it in the first place. it was in
dadec10201f54763e001,play_store,support_payment_and_app_experience,positive,0.9,False,not_wishlist_related,unknown,unknown,low,app works flawlessly! now offline shopping is waste of time and money!
daed162d652c1c86d571,play_store,delivery_returns_and_refunds,positive,0.9,False,not_wishlist_related,unknown,unknown,low,exchange option is best
db17a04454e13e12f914,play_store,pricing_discounts_and_value,positive,0.9,False,not_wishlist_related,unknown,unknown,low,myntra is a good app i suggest you to check new and fresh collections and all the clothes are in our budget
db1a48e4d86ab46d461a,play_store,delivery_returns_and_refunds,negative,0.9,False,not_wishlist_related,unknown,unknown,high,"fraud. sent me wrong item. when raised return query, myntra refused. filed a complaint on consumer redressal mechanism of consumer affairs ministey."
db8264e8d046a35b8112,play_store,support_payment_and_app_experience,positive,0.9,False,not_wishlist_related,unknown,unknown,low,so nyc happy
dbebf9b287e7e0fb4db2,reddit,product_quality_and_accuracy,negative,0.9,False,not_wishlist_related,unknown,unknown,high,"ajio started it but i am glad their product quality is far better than myntra. i am happy to spend extra 100 for convenience fee for quality products. myntra need to improve their quality of products asap. you can find cheaper alternative on offline market ( specially in delhi ) but in my case, i used to like product in offline store then regret buying it and shops doesn ' t offer return or exchange policy."
dc0527ae021ae0dc2623,play_store,pricing_discounts_and_value,positive,0.9,False,not_wishlist_related,unknown,unknown,low,"so, previously i gave 1 star due to the price issue but again after installing myntra a couple of months ago they really seemed to have taken the review and launched so many good and stylish clothes and accessories ; that i was looking forward to for quite long in other apps. but although now i happily shopping here because of the vastness, glad myntra didn ' t disappoint when it comes to collection regardless of the price of the qualities are great! so now it ' s 5 stars from my side!"
dc1250d87c0cdfb8e6ad,play_store,product_quality_and_accuracy,positive,0.9,False,not_wishlist_related,unknown,unknown,low,it ' s was good
dc40b6a00bbe6ad3c3ab,play_store,support_payment_and_app_experience,positive,0.9,False,not_wishlist_related,medium,unknown,low,great app for purchasing fashionable clothes and footwear for men
dc582ec8d425c4624515,reddit,product_quality_and_accuracy,negative,0.9,False,not_wishlist_related,low,unknown,medium,"i ' m too afraid to wear anything other than cotton, unless it ' s winter ; i can ' t handle rashes or itching from synthetics, even cotton blend from zara these days seems too much plasticy"
dc74401ba4d0de23527b,reddit,support_payment_and_app_experience,negative,0.8,False,not_wishlist_related,low,unknown,low,true. i am going back to shopping in - person from now.
dc7fc6ebb86cf09add14,reddit,delivery_returns_and_refunds,positive,0.9,False,not_wishlist_related,unknown,unknown,low,"to everyone having issues, contact getmyrefund. search for their deets on twitter. you need to email them receipts / proof and they take 10 percent of your total order amount. so if it ' s 2050 / - they will take 205 / - as payment. they helped me get my tirtir foundation delivered by maccaron. it was in limbo for 4 months. i had given up. within 3 days of submitting receipts, my order was shipped. sidenote : do not use maccaron. they have been scamming a lot of people lately which wasn ' t the case earlier. their ig comment sections are full of irate customers."
dc9a169afcdf47b86df1,play_store,pricing_discounts_and_value,positive,0.9,False,not_wishlist_related,medium,unknown,low,l like the price game and offers. it ' s unique from other shopping sites
dca9b84030c9bcb7820d,play_store,support_payment_and_app_experience,positive,0.9,False,not_wishlist_related,high,unknown,low,i really love myntra
dd21e590cabd85d7dd54,play_store,pricing_discounts_and_value,positive,0.9,False,not_wishlist_related,high,purchased,low,i got branded clothes at affordable price thank u myntra....
dd96e1ef2c6f539dd54e,play_store,support_payment_and_app_experience,positive,0.9,False,not_wishlist_related,high,purchased,low,aapka app best hai maine aaj order kiye or kal he milega
ddcff893ffa526bf2154,play_store,product_quality_and_accuracy,positive,0.9,False,not_wishlist_related,unknown,unknown,low,good and perfect
ddfd13cea2bd47a04c2f,reddit,pricing_discounts_and_value,negative,0.85,False,not_wishlist_related,low,unknown,medium,"true they ' ve stopped giving discounts, it ' s been a long time since i purchased anything from myntra"
de1b8057416902c14bc1,app_store,product_quality_and_accuracy,positive,0.95,False,not_wishlist_related,high,purchased,low,very good product and dilivery is fast
de246ee597da60458b46,play_store,support_payment_and_app_experience,positive,0.9,False,not_wishlist_related,high,purchased,low,hassle free shopping
df85f9769e00491e5d70,play_store,delivery_returns_and_refunds,positive,0.95,False,not_wishlist_related,high,purchased,low,best return policy. action taken immediately and credited amt in account.
dfca0b8720b069386eec,play_store,support_payment_and_app_experience,negative,0.7,False,not_wishlist_related,low,unknown,high,very bad experience
dfcfdaacf6ff9994bf69,reddit,delivery_returns_and_refunds,negative,0.9,False,not_wishlist_related,low,unknown,high,"i ordered 6 nail polishes from revlon which was supposed to come with a free gift. i selected a neutral brown shade but got a gold one. when i tried to return / exchange it on the app, it didn ’ t allow me to do that. finally spoke with their customer executive and she said they ’ ll be able to replace it but then they closed that ticket without resolving it. highly unprofessional."
e000e02e3187b87d4000,play_store,support_payment_and_app_experience,positive,0.95,False,not_wishlist_related,high,purchased,low,best online shopping experience
e00f99fafcd13dcfd053,play_store,support_payment_and_app_experience,positive,0.95,False,not_wishlist_related,high,purchased,low,it is the best app to purchasing fashionable items
e04acfbb3e4f1241b654,play_store,support_payment_and_app_experience,positive,0.9,False,not_wishlist_related,high,purchased,low,good experience
e06013c1f67b44ef1c3d,play_store,support_payment_and_app_experience,positive,0.9,False,not_wishlist_related,high,purchased,low,its a great app i like this app too much
e089065932a33b65b874,play_store,delivery_returns_and_refunds,negative,0.9,False,not_wishlist_related,low,abandoned,high,myntra is getting worse day by daay... one of my exchange has not been done since last 45 - 50 days... not expected this from such a renowned brand. horrible... never going to shop again from myntra
e0efcbe740461f547d9a,play_store,pricing_discounts_and_value,positive,0.8,False,not_wishlist_related,high,unknown,low,very good offers
e109e363f97f87b40017,reddit,product_quality_and_accuracy,negative,0.9,False,not_wishlist_related,low,unknown,high,"yes, i ordered a jacket and they sent me an old one which was also torn... ordered a shirt which was completely different from the pictures. i used to order a lot too but it ' s so bad now. also, why is the platform fee so high???"
e1eea2fb7fc7cd119036,play_store,pricing_discounts_and_value,positive,0.8,False,not_wishlist_related,high,unknown,low,good deals and products
e224216c9f18d4218765,play_store,delivery_returns_and_refunds,negative,0.9,False,not_wishlist_related,low,abandoned,high,worst experience ever had i ' ve ordered a kurta the delivery boy is also lazy he is saying coming to my area and collect no means i will cancel. full chattered at last i went and took the dress and it is fully damaged so i sent exchange request but they are telling there is no batch number etc i have the video of unboxing the dress and i make call to delivery boy he is saying call to customer care in rude way the remaining comments are posted by their employees dont trust the comments
e22ebfbfc05fa66ece64,play_store,support_payment_and_app_experience,neutral,0.4,False,not_wishlist_related,unknown,unknown,low,experience
e277888ad4e6fd6dd58c,reddit,support_payment_and_app_experience,negative,0.8,False,not_wishlist_related,low,unknown,medium,exactly!! i have some money in myntra credit and now i ' m unable to buy the one product i truly want
e285e3bb8d2dcf9b600c,reddit,support_payment_and_app_experience,negative,0.5,False,not_wishlist_related,unknown,unknown,medium,true!! facing this since past 3 - 4 months
e2d20620052c78cc9703,play_store,product_quality_and_accuracy,positive,0.8,False,not_wishlist_related,high,unknown,low,good product
e2e68b81d9ddd1699ddf,play_store,product_quality_and_accuracy,positive,0.8,False,not_wishlist_related,high,unknown,low,most trusted and reliable brands available here
e307a829b7baca331828,play_store,product_quality_and_accuracy,positive,0.75,False,not_wishlist_related,unknown,unknown,low,useful product ' s
e32a9de71d3481267de3,play_store,support_payment_and_app_experience,positive,0.8,False,not_wishlist_related,unknown,unknown,low,best shopping platform
e3588022aef652a12d09,play_store,product_quality_and_accuracy,positive,0.9,False,not_wishlist_related,unknown,unknown,low,myntra is very convenient to use and specifically get original product in its value and quality is also great...
e362730e51a069946561,play_store,product_quality_and_accuracy,negative,0.95,False,not_wishlist_related,unknown,unknown,high,"don ' t use this app waste of money, they send different brand items and when you try to return they won ' t accept saying "" the delivered product was correct ""!. disgusting"
e38a554f8d8dca22394f,play_store,product_quality_and_accuracy,positive,0.85,False,not_wishlist_related,unknown,unknown,low,"best shopping site, and always provide genuine products"
e3a15d73b4b6148d0db0,play_store,support_payment_and_app_experience,positive,0.8,False,not_wishlist_related,unknown,unknown,low,used only myntra
e3be87acaf850a0b6301,reddit,pricing_discounts_and_value,negative,0.9,True,price_and_discount_transparency,low,abandoned,high,"has anyone noticed that sales in myntra are just posters and nothing else. none of the items in my wishlist and cart got their price reduced, there were some coupons applicable few days ago which have also disappeared now. on top of that shamelessly taking unnecessary fees on everything. i have stopped purchasing from this shitty app just that some brands are exclusively available on it sadly."
e4004648b885cdf10dfb,reddit,pricing_discounts_and_value,negative,0.9,False,not_wishlist_related,low,purchased,high,the same happened with ajio last week. there was no help from customer care ( almost impossible to get in touch with someone and ultimately got an executive on chat ) the invoice literally has incorrect calculations on it. sent it to them and they said nothing we can do. got only a part refund on an item sent to me of the wrong size.
e4b7bde97d26f509a793,play_store,support_payment_and_app_experience,positive,0.9,False,not_wishlist_related,unknown,unknown,low,really this a best platform for online marketing
e50ccc7aa990c7138a23,play_store,delivery_returns_and_refunds,negative,0.9,False,not_wishlist_related,low,abandoned,high,"are fraud app order one product and deliver another. they initially promise discounts, but automatically cancel the order giving delivery issue."
e52cf19cf94d949b843d,play_store,product_quality_and_accuracy,positive,0.95,False,not_wishlist_related,high,purchased,low,best in fashion category
e60d2af3e6b54c00408b,reddit,product_quality_and_accuracy,negative,0.9,False,not_wishlist_related,low,abandoned,high,"i ' ve been shopping on myntra for over 10 years. it used to be really good with authentic brands, products matching the specs and the pictures. but recently they started to really suck. sending wrong items, poor quality fabrics, stupid useless ai made videos, etc etc. everything right from the apps interface to the entire shopping experience has degraded so badly. i don ' t understand how shopping from good brands like anouk etc is also going bad. are they misusing the brand names? or the brands themselves have become bad? it is better to completely avoid myntra."
e61d75aafc4646eda521,play_store,delivery_returns_and_refunds,negative,0.9,False,not_wishlist_related,low,abandoned,high,worst customer service and not receiving the products on time... worst experience i had with myntra
e6388a37271c7f41d44a,play_store,support_payment_and_app_experience,positive,0.9,False,not_wishlist_related,high,purchased,low,trusted online shopping platform
e69ea4a4bf4968fc2cb3,play_store,support_payment_and_app_experience,positive,0.9,False,not_wishlist_related,high,purchased,low,very good app and also solve issue immediately
e72e143b136437623435,play_store,support_payment_and_app_experience,positive,0.85,False,not_wishlist_related,high,purchased,low,nice site to shopping
e731a2aa44e289a828c6,play_store,product_quality_and_accuracy,positive,0.9,False,not_wishlist_related,high,purchased,low,good service and good product and reliable.....
e73201215c8640482643,play_store,support_payment_and_app_experience,negative,0.6,False,not_wishlist_related,low,abandoned,medium,very bad
e734ab3164e67f89b193,play_store,product_quality_and_accuracy,positive,0.9,False,not_wishlist_related,high,purchased,low,it is nice product and quality is very good
e73fcc9f8fe8ebb3be79,play_store,delivery_returns_and_refunds,negative,0.9,False,not_wishlist_related,low,abandoned,high,"very bad experience, most of the time my order is cancelled after reaching my homecity. never going to use this again. everyone is facing the same problem"
e770595a77a256709322,play_store,product_quality_and_accuracy,positive,0.9,False,not_wishlist_related,unknown,unknown,low,superb quality
e79d50a575379d32d982,play_store,support_payment_and_app_experience,positive,0.9,False,not_wishlist_related,high,unknown,low,best fashion destination for trendy stylish fabulous shopping experience.!! also with exiting reward programs.!!
e7ff977830922d6c3206,play_store,product_quality_and_accuracy,positive,0.9,False,not_wishlist_related,high,unknown,low,"very very very....................... best application i like this application very much this has a trust products real reviews, best quality for all products... i never use an online application this is my first and best application for my use i have liked it very much. i give you advice to use this application and won many prizes......... i don ' t have words to appreciate this. really really veryyyyyyyy best use this and trust on myntra. bestest application in world is myntra....."
e80feae6de4aba5373f5,play_store,support_payment_and_app_experience,positive,0.9,False,not_wishlist_related,unknown,unknown,low,thank you myntra to became our life so easy.
e8542504841484f9dcf5,reddit,support_payment_and_app_experience,neutral,0.7,False,not_wishlist_related,unknown,unknown,low,where do you buy from? recommend some trustworthy affordable sites please
e87bb93c2773e30fcd6f,play_store,product_quality_and_accuracy,positive,0.9,False,not_wishlist_related,unknown,unknown,low,great app for genuine product ls
e899100c0069bc7d93be,play_store,support_payment_and_app_experience,positive,0.9,False,not_wishlist_related,unknown,unknown,low,good app for shopping also reliable
e8aafcd6c99ba0de38d9,reddit,delivery_returns_and_refunds,negative,0.95,False,not_wishlist_related,unknown,abandoned,high,i bought a ceramic decor item from them which was returnable. when we raised the return they asked us to self ship. the place i live in practically has myntra guy living in premises as it ’ s huge but they refuse to pick up. our 2k went down the drain as courier company were not ready to take fragile item and myntra isn ’ t picking it up.
e8bedc4d1ae7600ba3ee,play_store,support_payment_and_app_experience,positive,0.9,False,not_wishlist_related,unknown,unknown,low,very good platform for shooping in housewife jo gher se bahr nhi jaa skti
e8c91c25981f9f80c5dd,reddit,support_payment_and_app_experience,neutral,0.8,False,not_wishlist_related,unknown,unknown,low,any1 remembers jabong? that was my myntra
e8d729470de61900de2e,play_store,product_quality_and_accuracy,positive,0.9,False,not_wishlist_related,unknown,unknown,low,every product 100 % origenal and good service
e9c5824b86de2af2cb83,play_store,support_payment_and_app_experience,negative,0.8,False,not_wishlist_related,unknown,unknown,medium,the product i received was exactly same but i am really disappointed with the service
e9da2f5f2cf2bd3f782f,play_store,product_quality_and_accuracy,positive,0.9,False,not_wishlist_related,unknown,unknown,low,good product.
ea0e3269b0598cc58988,play_store,product_quality_and_accuracy,positive,0.8,False,not_wishlist_related,unknown,unknown,low,super se bhi upar
ea17b27d757e8b4af59e,play_store,support_payment_and_app_experience,positive,0.9,False,not_wishlist_related,unknown,unknown,low,best quality app
ea36982768cf69dfbca4,play_store,support_payment_and_app_experience,positive,0.8,False,not_wishlist_related,unknown,unknown,low,myntra is like a wow
ea71320547bdabcf4104,reddit,product_quality_and_accuracy,negative,0.9,False,not_wishlist_related,unknown,unknown,high,i actually ordered shoes from levis official website. and they sent me a used one. i didn ' t even have to check the sole ; the condition was that bad.
eb62b36277697a6b6a97,play_store,delivery_returns_and_refunds,negative,0.9,False,not_wishlist_related,unknown,unknown,high,"very worst app and delivery service. i ordered a product that was not delivered or canceled. every morning, they cancel the order after 11 o ' clock, saying it ' s out for delivery, and then it fails at night. this has been happening for a few days with one order. customer care says they resolve issues within 24 hours, but there ' s no response. very worst service."
eb9060800ef2bf18ff0b,play_store,delivery_returns_and_refunds,negative,0.9,False,not_wishlist_related,unknown,unknown,high,"dear myntra company it ' s 2nd time i am not received my order on time why can you answer? dear myntra company your delivery partner was so much stupid they did not receive the call & if suddenly there is no one there, immediately cancel or postponed the call and then do not pick up the call again. i have not received my order in the last 4 days because of you ( myntra fashion shopping app )"
eb9536ae3575db661a79,play_store,delivery_returns_and_refunds,negative,0.9,False,not_wishlist_related,unknown,unknown,high,waste of time and money to order in this app...... ordered one product and for delivery was expected 21july 2026 but till date its not delivered...... don ' t buy product from myntra guys........ try ajio or other apps..... not recommended...... highly overhyped app
ebd93b3c1bd15349e770,reddit,product_quality_and_accuracy,neutral,0.6,False,not_wishlist_related,unknown,unknown,low,is there any other better alternative?
ec41028951fbf55d8a25,reddit,product_quality_and_accuracy,positive,0.7,False,not_wishlist_related,unknown,unknown,low,true that!
ec50fb88f33451da007b,app_store,support_payment_and_app_experience,positive,0.9,False,not_wishlist_related,high,purchased,low,fast and quick to order and easy resolution to any after sale service issue
ec94de4eccafadb9613d,play_store,support_payment_and_app_experience,negative,0.9,False,not_wishlist_related,low,abandoned,medium,poor customer service
ecd26d6249955dc6f468,play_store,product_quality_and_accuracy,positive,0.9,False,not_wishlist_related,high,purchased,low,amazing platform for quality products.
ed26561910572dcad9b7,play_store,product_quality_and_accuracy,positive,0.9,False,not_wishlist_related,high,purchased,low,nice product same as in image
ed6254b774b57ee92b7e,play_store,support_payment_and_app_experience,positive,0.9,False,not_wishlist_related,high,purchased,low,wonderful app
ed6b59f24f92aba50018,play_store,delivery_returns_and_refunds,positive,0.9,False,not_wishlist_related,high,purchased,low,"everything is good, but the one thing that i liked the most is their delivery. i mean if i ordered something today, i will definitely going to receive my order tomorrow or the day after tomorrow."
ed6d4c00ed298aea12d7,reddit,delivery_returns_and_refunds,negative,0.8,False,not_wishlist_related,low,abandoned,high,bro same shit happens all of a sudden the product is not available for my pincode. i have stopped buying from myntra honestly ass app
ee7234921e3be02fb32d,play_store,support_payment_and_app_experience,positive,0.9,False,not_wishlist_related,high,purchased,low,it ' s a very useful app
ef1399f3eac1637850c2,play_store,product_quality_and_accuracy,positive,0.9,False,not_wishlist_related,unknown,unknown,low,nice product nice service
ef77b9f2559f07f97edb,play_store,support_payment_and_app_experience,positive,0.9,False,not_wishlist_related,unknown,unknown,low,i love shopping bt this aap. gives more option. good shopping experience.
ef8ecfa6fafa9b220fab,reddit,product_quality_and_accuracy,negative,0.85,False,not_wishlist_related,unknown,unknown,medium,"same with me, one different product no brand tag and one product was missing and it was showing delivered. but they solved the issue and returned the money as well."
ef90c713f9c7a0eef7db,play_store,support_payment_and_app_experience,negative,0.85,False,not_wishlist_related,unknown,unknown,high,"worst customer support ever, i had payment error in myntra app but the transaction was successfull. they stole my money and now from last 16 days constantly saying wait for 48hrs even after i have sent them banking tracking number. such a careless people."
ef93f077871edd312513,play_store,support_payment_and_app_experience,positive,0.9,False,not_wishlist_related,unknown,unknown,low,a great app really nice products.
efb959c2d70ad513ba5f,play_store,product_quality_and_accuracy,positive,0.9,False,not_wishlist_related,unknown,unknown,low,awesome i love myntra product quality 10 / 10000
f01a60e9e20e401ac692,play_store,support_payment_and_app_experience,positive,0.9,False,not_wishlist_related,unknown,unknown,low,very best aap
f02d944a363dab359fe6,play_store,support_payment_and_app_experience,negative,0.85,False,not_wishlist_related,unknown,unknown,high,worst experience
f082ee9490406917ee86,play_store,support_payment_and_app_experience,positive,0.9,False,not_wishlist_related,unknown,unknown,low,good app and best quality and also the best service i say
f08853be4823f93c6a25,play_store,support_payment_and_app_experience,positive,0.9,False,not_wishlist_related,unknown,unknown,low,it ' s the best trustworthy shopping site.
f0a3c09a0c40cd07e00e,play_store,product_quality_and_accuracy,positive,0.9,False,not_wishlist_related,high,unknown,low,one of the best app for trendy and fashionable clothes.
f1277665883797c2a86f,play_store,delivery_returns_and_refunds,positive,0.9,False,not_wishlist_related,high,unknown,low,every service is awesome from quality to delivery
f1351f3235e798eb2758,play_store,delivery_returns_and_refunds,positive,0.85,False,not_wishlist_related,medium,unknown,low,myntra faster delivery now mnow....
f166850f6a24aa46da03,play_store,product_quality_and_accuracy,positive,0.9,False,not_wishlist_related,high,unknown,low,nice products and on time delivery....
f1a303e939fb093cfa2b,play_store,pricing_discounts_and_value,positive,0.85,False,not_wishlist_related,medium,unknown,low,myntra is a good deal app
f1ab64eee44b6c595993,reddit,support_payment_and_app_experience,negative,0.9,False,not_wishlist_related,low,unknown,high,"seriously this pre - post sale tactics by all platforms are annoying af and then spend crores on stupid celeb ads, while their systems and processes rot away."
f1b7f825539c7f46954d,play_store,product_quality_and_accuracy,positive,0.9,False,not_wishlist_related,high,unknown,low,best shopping app
f1edac3ab5e8eae825eb,play_store,support_payment_and_app_experience,negative,0.9,False,not_wishlist_related,low,unknown,high,"edit : the filter bug is still not fixed for the past year or so, many a time the apply button disappears from filter menu and reappears on app restart. makes the experience very frustrating edit : the issue still exists as of today and across android and ios devices pathetic qc."
f230bafd8be5ecb9c27c,play_store,product_quality_and_accuracy,positive,0.8,False,not_wishlist_related,medium,unknown,low,very nice place
f2c22421f59cff16a8e1,play_store,product_quality_and_accuracy,positive,0.9,False,not_wishlist_related,high,unknown,low,it is a very good app for shopping you can buy anything and you will get it correctly
f3239b53345ca390cba0,play_store,delivery_returns_and_refunds,negative,0.95,False,not_wishlist_related,low,unknown,high,"i am extremely disappointed with my recent experience. my order has not been delivered, yet the application incorrectly shows it as “ delivered. ” this is highly misleading and unacceptable. delivery agent did come to my residence, but i was neither informed in advance nor contacted via call or message at the time of delivery. there was no proper attempt to hand over the order, which is completely unprofessional. what is even more frustrating, i tried to raise a complaint but not resolved."
f388c56ba0b6d42840b0,play_store,delivery_returns_and_refunds,positive,0.9,False,not_wishlist_related,high,purchased,low,lt was very fast delivery and good products
f389b61fdaa2ac1476d4,play_store,support_payment_and_app_experience,positive,0.9,False,not_wishlist_related,high,purchased,low,best app for clothes shopping
f395fca8e7022841e2bb,play_store,support_payment_and_app_experience,positive,0.85,False,not_wishlist_related,high,purchased,low,it was good.. myntra is trusted one..
f3dd787920680190b6cf,play_store,support_payment_and_app_experience,negative,0.9,False,not_wishlist_related,low,unknown,medium,pathetic ai customer service
f3fa952a32f0d6521eca,play_store,pricing_discounts_and_value,negative,0.9,False,not_wishlist_related,low,unknown,medium,platform fee is high and unnecessary
f404862251825bc0c243,reddit,support_payment_and_app_experience,neutral,0.6,False,not_wishlist_related,unknown,unknown,low,is it good?
f5b6f3ae5aba44b7ca49,play_store,product_quality_and_accuracy,positive,0.9,False,not_wishlist_related,high,purchased,low,abhi tak jo bhi cosmetics products buy kiye hai saare original and very geninune price ke hai
f65f541561276be5fb18,play_store,product_quality_and_accuracy,positive,0.95,False,not_wishlist_related,high,purchased,low,"“ very good quality product. delivery was on time, packaging was good, and the product matched the description. satisfied with my purchase. 5 / 5. ”"
f73fb08d35ddb36d140e,play_store,product_quality_and_accuracy,positive,0.9,False,not_wishlist_related,high,purchased,low,genuine brands are on this app
f7b424c3ba749c03e571,play_store,support_payment_and_app_experience,positive,0.9,False,not_wishlist_related,unknown,unknown,low,very useful app
f7b4d8e1855177b2f9cf,play_store,support_payment_and_app_experience,positive,0.9,False,not_wishlist_related,unknown,unknown,low,extremely nice
f80d0440a19b48c9d805,play_store,product_quality_and_accuracy,positive,0.9,False,not_wishlist_related,unknown,unknown,low,"the products are amazing on it., having a great experience of shopping with it"
f82ce8e3a4ab616753ac,play_store,support_payment_and_app_experience,positive,0.9,False,not_wishlist_related,unknown,unknown,low,myntra best app
f84d0351dbdbd00fe83c,play_store,product_quality_and_accuracy,positive,0.9,False,not_wishlist_related,unknown,unknown,low,faith full brands
f850435f095a33c0804e,play_store,support_payment_and_app_experience,positive,0.9,False,not_wishlist_related,unknown,unknown,low,attractive app design
f86017ccd3bf7c0b1b3d,reddit,pricing_discounts_and_value,positive,0.9,False,not_wishlist_related,unknown,unknown,low,"always order during end of season sales, i ordered 2 levis sweatshirts for 460 rupees each and they are really good"
f87aa1ff88b148dd0e1c,play_store,support_payment_and_app_experience,positive,0.9,False,not_wishlist_related,unknown,unknown,low,good app for shopping
f8e86efb01439043bda3,play_store,product_quality_and_accuracy,positive,0.9,False,not_wishlist_related,unknown,unknown,low,good quality
f9c91cd845a2d7412381,play_store,support_payment_and_app_experience,positive,0.9,False,not_wishlist_related,unknown,unknown,low,very nice ji i really like it apps
fa5df4ef7167452d4ac0,play_store,pricing_discounts_and_value,positive,0.9,False,not_wishlist_related,high,unknown,low,awesome discounts
fa65bfe06a7ffa199cf0,reddit,product_quality_and_accuracy,negative,0.95,False,not_wishlist_related,low,abandoned,high,true my last 2 orders from myntra was bad. received stinking products literally. i have uninstalled the app.
fa795a98b86ab7651ac0,play_store,delivery_returns_and_refunds,positive,0.9,False,not_wishlist_related,high,purchased,low,fantastic delivery and return policy. simply hassle free.
fa98e93ac7b72393de59,play_store,delivery_returns_and_refunds,positive,0.85,False,not_wishlist_related,high,purchased,low,"good variety selections, easy return options"
fa99a15bf2a45b05a9ce,play_store,pricing_discounts_and_value,positive,0.9,False,not_wishlist_related,high,purchased,low,amazing app with lowest price and quality and very authentic brands...
faa6909e71e0ab8f6433,reddit,delivery_returns_and_refunds,positive,0.9,False,not_wishlist_related,high,purchased,low,i once wanted a shirt that i wanted to wear on a trip and i needed it under 2 days. it was available on meesho and amazon. i ordered it from both. meesho arrived first and then i cancelled the amazon order. good experience from meesho so far
fabe1da63f7a97e289f3,play_store,support_payment_and_app_experience,positive,0.85,False,not_wishlist_related,high,unknown,low,love the app
fb7192aed1b04d351cb8,play_store,support_payment_and_app_experience,neutral,0.7,False,not_wishlist_related,unknown,unknown,low,for fashion only
fb784c12226cc4678888,play_store,product_quality_and_accuracy,positive,0.9,False,not_wishlist_related,high,purchased,low,i am fully satisfied with myntra as it fulfills my expectations...! good
fc8261c190abc91f4428,play_store,support_payment_and_app_experience,positive,0.9,False,not_wishlist_related,high,purchased,low,best experience
fc87f5ca817539a2502c,play_store,support_payment_and_app_experience,positive,0.9,False,not_wishlist_related,unknown,unknown,low,very nice app
fcafa597e6d6f95c1eef,play_store,delivery_returns_and_refunds,negative,0.95,False,not_wishlist_related,unknown,abandoned,high,"update : i dropped an email as soon as i saw the response but till date no reply. pathetic cheating! they canceled my return pick up. the delivery guy asked me to leave the package in a box since it is office space and i left it there. now they canceled it. so i dont have the product, neither they gave a refund... totally unethical people"
fcbac67fe8ee83d8e4b4,play_store,product_quality_and_accuracy,positive,0.9,False,not_wishlist_related,unknown,unknown,low,excellent quality products
fce859e81ad3ff2054fe,reddit,delivery_returns_and_refunds,positive,0.9,False,not_wishlist_related,unknown,unknown,low,oh really? my experience with returns and replacements has been very smooth so far
fd393af14188ba239a65,play_store,delivery_returns_and_refunds,negative,0.95,False,not_wishlist_related,unknown,abandoned,high,very bad experience of my first order they have not delivered my order
fd8147b4201579d4f79e,play_store,delivery_returns_and_refunds,positive,0.9,False,not_wishlist_related,unknown,unknown,low,"superb fashion shopping app. on time delivery, genunie products and customer friendly.."
fdaf8e9fce2df79be949,reddit,product_quality_and_accuracy,negative,0.9,False,not_wishlist_related,unknown,unknown,low,"honestly, i really prefer offline shopping for indian wear. more often than not, the embroidery makes it look cheap if it ’ s not well done."
fdb93efc78f4d85191eb,play_store,product_quality_and_accuracy,positive,0.9,False,not_wishlist_related,unknown,unknown,low,good quality product received in good packaging and delivered on time
fe76972fc847b1f8a510,play_store,support_payment_and_app_experience,positive,0.9,False,not_wishlist_related,unknown,unknown,low,i love this app and this apps product is too good
fea0d832b6ca4b74131f,reddit,delivery_returns_and_refunds,negative,0.95,False,not_wishlist_related,unknown,abandoned,high,myntra has gone to the dogs. they refused to return my product even when it ’ s clearly different from the product that i ordered.
feb1b4bbfe0db51d65fd,play_store,product_quality_and_accuracy,positive,0.8,False,not_wishlist_related,unknown,unknown,low,very very nice
febc95d61703f0ecc975,reddit,support_payment_and_app_experience,positive,0.9,False,not_wishlist_related,unknown,unknown,low,dumped myntra for amazon and ajio last year.. happy since then...
fee4baf1398f744e1dc6,play_store,pricing_discounts_and_value,positive,0.85,False,not_wishlist_related,unknown,unknown,low,bestttt deals
ff14e4c78a67133d8b4f,app_store,pricing_discounts_and_value,positive,0.9,False,not_wishlist_related,unknown,unknown,low,all items are reasonable prices. loved it
ff3653a03a0cf03d7024,play_store,support_payment_and_app_experience,positive,0.8,False,not_wishlist_related,unknown,unknown,low,you r just amazing
ff5aa74bdf607f94e7b8,reddit,delivery_returns_and_refunds,negative,0.95,False,not_wishlist_related,unknown,abandoned,high,i got a damaged product from myntra and even after giving proofs of the same and creating a return they are not accepting my return request. all they do is open complaints and close it giving vague “ quality check failed ” comments. i have promised never to buy anything from myntra again.
ff93d5e805e5262dd9ed,play_store,product_quality_and_accuracy,positive,0.9,False,not_wishlist_related,unknown,unknown,low,amazing aap and first delivery and 100 present othentick product love it
