review_id,clean_text,metadata_json
2a910db1b42b9e9c9462,it's so nice,"{""review_id"": ""2a910db1b42b9e9c9462"", ""source"": ""play_store""}"
62ea9cced9c226cb316f,Nice product,"{""review_id"": ""62ea9cced9c226cb316f"", ""source"": ""play_store""}"
171da17fd0940da0085b,amazing app I like it so much so easy to buy products,"{""review_id"": ""171da17fd0940da0085b"", ""source"": ""play_store""}"
ae7d276295bac2777bd2,very good platform for clothes,"{""review_id"": ""ae7d276295bac2777bd2"", ""source"": ""play_store""}"
4905198e6ed1b83aea09,very good is my experience with this app nice 👍,"{""review_id"": ""4905198e6ed1b83aea09"", ""source"": ""play_store""}"
4ff1360b5b335572495c,I love This App ❤️,"{""review_id"": ""4ff1360b5b335572495c"", ""source"": ""play_store""}"
affb6d28edfcf1a935a9,"Myntra stands out as one of India's premier destinations for online fashion, beauty, and lifestyle shopping. Boasting an extensive catalog of top-tier domestic and international brands, it aims to deliver a modern, trend-focused retail experience straight to your smartphone.my best online shopping application","{""review_id"": ""affb6d28edfcf1a935a9"", ""source"": ""play_store""}"
678f088d038cda3f559f,I'm very happy 😊,"{""review_id"": ""678f088d038cda3f559f"", ""source"": ""play_store""}"
e089065932a33b65b874,myntra is getting worse day by daay ...one of my exchange has not been done since last 45-50 days...not expected this from such a renowned brand . horrible...never going to shop again from myntra,"{""review_id"": ""e089065932a33b65b874"", ""source"": ""play_store""}"
f850435f095a33c0804e,attractive app design,"{""review_id"": ""f850435f095a33c0804e"", ""source"": ""play_store""}"
fc87f5ca817539a2502c,Very nice App,"{""review_id"": ""fc87f5ca817539a2502c"", ""source"": ""play_store""}"
65563fed0e30e7e19b43,"best platform for purchasing beauty, skincare, fashion products","{""review_id"": ""65563fed0e30e7e19b43"", ""source"": ""play_store""}"
211d39e995a0ab6e38f6,good application,"{""review_id"": ""211d39e995a0ab6e38f6"", ""source"": ""play_store""}"
6944094c918c0b5a70c4,"Easy shopping and returns, amazing products and variety","{""review_id"": ""6944094c918c0b5a70c4"", ""source"": ""play_store""}"
badc8352300598fd2123,Best app for shopping,"{""review_id"": ""badc8352300598fd2123"", ""source"": ""play_store""}"
8625d9f1d77193417a09,best apppp,"{""review_id"": ""8625d9f1d77193417a09"", ""source"": ""play_store""}"
ac2da18cda033d89f9e0,GENUINE PRODUCT AND GOOD QUALITIES,"{""review_id"": ""ac2da18cda033d89f9e0"", ""source"": ""play_store""}"
a470b1416107a6e77f90,Best Quality Product in this app 🤩👍,"{""review_id"": ""a470b1416107a6e77f90"", ""source"": ""play_store""}"
d58b6feec00e316caeda,Worst Platform,"{""review_id"": ""d58b6feec00e316caeda"", ""source"": ""play_store""}"
dd21e590cabd85d7dd54,I got branded clothes at affordable price Thank u Myntra....,"{""review_id"": ""dd21e590cabd85d7dd54"", ""source"": ""play_store""}"
bd9137f459102a3cf70e,good shoping app,"{""review_id"": ""bd9137f459102a3cf70e"", ""source"": ""play_store""}"
34ae980dfbf052988f62,very good app,"{""review_id"": ""34ae980dfbf052988f62"", ""source"": ""play_store""}"
cdfcd66887f49c8edc68,loved the aapp,"{""review_id"": ""cdfcd66887f49c8edc68"", ""source"": ""play_store""}"
53558ae60a7d4231753b,i love this application delivery fast no fake product,"{""review_id"": ""53558ae60a7d4231753b"", ""source"": ""play_store""}"
f8e86efb01439043bda3,good quality,"{""review_id"": ""f8e86efb01439043bda3"", ""source"": ""play_store""}"
2ff83df7fc5000ed8adf,excellent app my myntra app,"{""review_id"": ""2ff83df7fc5000ed8adf"", ""source"": ""play_store""}"
4a7453ac3d78d187699a,very good experience on this platform,"{""review_id"": ""4a7453ac3d78d187699a"", ""source"": ""play_store""}"
d53303d04425187b4f45,The next day delivery is mind blowing actually it's makes everything easier and faster and better very much happy with this app... Everyone should download and experience its great service's and products are good obvious thing and with great packaging thanks to this app,"{""review_id"": ""d53303d04425187b4f45"", ""source"": ""play_store""}"
e38a554f8d8dca22394f,"best shopping site, and always provide genuine products","{""review_id"": ""e38a554f8d8dca22394f"", ""source"": ""play_store""}"
bdfc9350521d4846fd58,"I love using Myntra because the items are delivered very fast and safe, and it has a fantastic collection of brands. The app interface is smooth and makes it really easy to find exactly what I am looking for. I also appreciate the Myntra Insider loyalty program which rewards frequent shoppers. The return and exchange policy is usually hassle-free, making it a highly reliable shopping platform.","{""review_id"": ""bdfc9350521d4846fd58"", ""source"": ""play_store""}"
c7bd9e2db1e0bed623f5,myntra is best,"{""review_id"": ""c7bd9e2db1e0bed623f5"", ""source"": ""play_store""}"
b42e6eefc375ca6596a7,most satisfying app😊,"{""review_id"": ""b42e6eefc375ca6596a7"", ""source"": ""play_store""}"
99fd1fd3bcecf53851ee,Myntra is a Genuine Platform to purchase anything. Good,"{""review_id"": ""99fd1fd3bcecf53851ee"", ""source"": ""play_store""}"
997f410b141d46296b15,just a wow product,"{""review_id"": ""997f410b141d46296b15"", ""source"": ""play_store""}"
6b103151fb92e1e2fc8f,good service,"{""review_id"": ""6b103151fb92e1e2fc8f"", ""source"": ""play_store""}"
ea0e3269b0598cc58988,super se bhi upar,"{""review_id"": ""ea0e3269b0598cc58988"", ""source"": ""play_store""}"
bd753c3007e95ba79c38,"myntra is the best. quality, price & service excellent. always satisfied. thanks myntra..👍🏻","{""review_id"": ""bd753c3007e95ba79c38"", ""source"": ""play_store""}"
c092be0fda0f3b82209c,don't install this app. worst app in Play store. Flipkart cart is best 😡😡😡,"{""review_id"": ""c092be0fda0f3b82209c"", ""source"": ""play_store""}"
2884856dcd47c9bf3f0c,Amazing experience,"{""review_id"": ""2884856dcd47c9bf3f0c"", ""source"": ""play_store""}"
19af7d69e4989037c043,login nahi ho raha h myntra me too many login attempts deleted likh raha kaise sahi kare,"{""review_id"": ""19af7d69e4989037c043"", ""source"": ""play_store""}"
6239a5f64f2a9e5665fa,very good nice clothes,"{""review_id"": ""6239a5f64f2a9e5665fa"", ""source"": ""play_store""}"
28f2688ae6b926917c7c,sometimes product not worth the price,"{""review_id"": ""28f2688ae6b926917c7c"", ""source"": ""play_store""}"
27cc61cebe2ef6462023,very Good 👍,"{""review_id"": ""27cc61cebe2ef6462023"", ""source"": ""play_store""}"
3b41cc094d58564d1338,best plateform for shopping,"{""review_id"": ""3b41cc094d58564d1338"", ""source"": ""play_store""}"
c91b37a963cb92fa5be7,"this app is a trap,, not delivered parcel at time,, and also cancelled automatically,, and customer service guys are not getting perfect solution ,,all are Ash hole","{""review_id"": ""c91b37a963cb92fa5be7"", ""source"": ""play_store""}"
c8513da7daa494d015e7,"This app is superb, this is authentic and genuine app","{""review_id"": ""c8513da7daa494d015e7"", ""source"": ""play_store""}"
e73201215c8640482643,very 😞 bad,"{""review_id"": ""e73201215c8640482643"", ""source"": ""play_store""}"
acc179dbd7fdff6bdd1c,good and genuine products at best price,"{""review_id"": ""acc179dbd7fdff6bdd1c"", ""source"": ""play_store""}"
74b641d9721d951bfdd1,packing is not good ..how can I gift watches someone without proper package or box ??not satisfied,"{""review_id"": ""74b641d9721d951bfdd1"", ""source"": ""play_store""}"
7e3d566bec8fd7e16807,"The overall experience is good. However, the quality of some products does not meet the expected standards due to their low price.","{""review_id"": ""7e3d566bec8fd7e16807"", ""source"": ""play_store""}"
b389ca1781f51c0a4a26,"not trust worthy, I applied 2 orders, but received only one, payment done for 2, contacted customer support but no use, very bad app, don't install","{""review_id"": ""b389ca1781f51c0a4a26"", ""source"": ""play_store""}"
9a57fa49d661ccd0802f,The best shopping app I really trust the myntra app really the product quality and trust that your giving is very good every aspect taking order to delivering is very trustworthy no words to say I love the app very much,"{""review_id"": ""9a57fa49d661ccd0802f"", ""source"": ""play_store""}"
1d2001349e5b830d3a40,worst experience with myntra,"{""review_id"": ""1d2001349e5b830d3a40"", ""source"": ""play_store""}"
a80248f9c32f1e5e177a,nice products and got product delivered on time,"{""review_id"": ""a80248f9c32f1e5e177a"", ""source"": ""play_store""}"
69520906103231faba9e,thanks for myntra,"{""review_id"": ""69520906103231faba9e"", ""source"": ""play_store""}"
6d4410cbd247383d4ae3,very good and trusted fashion app,"{""review_id"": ""6d4410cbd247383d4ae3"", ""source"": ""play_store""}"
c4100d603f3e2878f681,if you can't give products in sale please don't fool customers by tag of sale sale. My more than 2 products are cancelled . 👎👎,"{""review_id"": ""c4100d603f3e2878f681"", ""source"": ""play_store""}"
1f4d94e3eb4423b011ef,I get everything i need in myntra that too with fast deliveries and instant refunds when needed,"{""review_id"": ""1f4d94e3eb4423b011ef"", ""source"": ""play_store""}"
f5b6f3ae5aba44b7ca49,abhi tak jo bhi cosmetics products buy kiye hai saare original and very geninune price ke hai 👍,"{""review_id"": ""f5b6f3ae5aba44b7ca49"", ""source"": ""play_store""}"
174ff589aae6800d4bea,excellent app and orderd many product also 👍,"{""review_id"": ""174ff589aae6800d4bea"", ""source"": ""play_store""}"
cc8a883f65750f7c9e22,your site is one of the best,"{""review_id"": ""cc8a883f65750f7c9e22"", ""source"": ""play_store""}"
78a81be9d65cd6f360b0,it is an excellent app providing nice products,"{""review_id"": ""78a81be9d65cd6f360b0"", ""source"": ""play_store""}"
1c0ae1f696a47bafe946,because the quality is very good and have reasonable prices,"{""review_id"": ""1c0ae1f696a47bafe946"", ""source"": ""play_store""}"
a0574d09b1aafc2d755b,good product available,"{""review_id"": ""a0574d09b1aafc2d755b"", ""source"": ""play_store""}"
c05f6217fcf11fd1f465,worst app. not at all good response,"{""review_id"": ""c05f6217fcf11fd1f465"", ""source"": ""play_store""}"
e87bb93c2773e30fcd6f,great app for genuine product ls,"{""review_id"": ""e87bb93c2773e30fcd6f"", ""source"": ""play_store""}"
2bcd82952b2990063052,Good Products at Reasonable Prices.,"{""review_id"": ""2bcd82952b2990063052"", ""source"": ""play_store""}"
e3a15d73b4b6148d0db0,used only myntra,"{""review_id"": ""e3a15d73b4b6148d0db0"", ""source"": ""play_store""}"
728ace4da9cdede71785,qualitative product,"{""review_id"": ""728ace4da9cdede71785"", ""source"": ""play_store""}"
f388c56ba0b6d42840b0,lt was very fast delivery and good products,"{""review_id"": ""f388c56ba0b6d42840b0"", ""source"": ""play_store""}"
f166850f6a24aa46da03,Nice Products and on time delivery....,"{""review_id"": ""f166850f6a24aa46da03"", ""source"": ""play_store""}"
3f46f318d8d5ee7afc18,worst service,"{""review_id"": ""3f46f318d8d5ee7afc18"", ""source"": ""play_store""}"
2764501c97725435ac97,very good platform for online shopping,"{""review_id"": ""2764501c97725435ac97"", ""source"": ""play_store""}"
d9bf77d12b87ec933bbd,more useful app for shopping lowest price in best product,"{""review_id"": ""d9bf77d12b87ec933bbd"", ""source"": ""play_store""}"
8984353c465ba6ec0565,super best online shopping centre,"{""review_id"": ""8984353c465ba6ec0565"", ""source"": ""play_store""}"
a17811d74825f652eab4,i ortered a product which was not delivered and it's showing on app that it's delivered i called delivery boy and he said I'll deliver tomorrow then i said why did you delivered it you should postpone the date for tomorrow.i complained about this in help centre first time call came from their support team they said product will deliver today in the evening product was not delivered yet next day he came withe another product and said I forgot your product i will deliver tomorrow again not deliver,"{""review_id"": ""a17811d74825f652eab4"", ""source"": ""play_store""}"
a04db0c6ba8a1c7ae2f5,liked it quality of product is just amazing,"{""review_id"": ""a04db0c6ba8a1c7ae2f5"", ""source"": ""play_store""}"
daed162d652c1c86d571,exchange option is best,"{""review_id"": ""daed162d652c1c86d571"", ""source"": ""play_store""}"
e7ff977830922d6c3206,"very very very.......................best application I like this application very much This has a trust products real reviews, best quality for all products... I never use an online application this is my first and best application for my use I have liked it very much. I give you advice to use this application and won many prizes.....😁😊🥳🤩.... I don't have words to appreciate this . Really Really veryyyyyyyy best use this and trust on myntra . BESTEST APPLICATION IN WORLD 🌎 IS MYNTRA .....","{""review_id"": ""e7ff977830922d6c3206"", ""source"": ""play_store""}"
957012b299d250e4dc68,very good app and easy to use,"{""review_id"": ""957012b299d250e4dc68"", ""source"": ""play_store""}"
97e1673497f72572722c,itvis a very good app,"{""review_id"": ""97e1673497f72572722c"", ""source"": ""play_store""}"
a73d1376cc28f7e678c4,perfect for genuine shopping,"{""review_id"": ""a73d1376cc28f7e678c4"", ""source"": ""play_store""}"
371c45bb990d54f8ad9b,Too Goooddddd!!!!!👍👏❤️,"{""review_id"": ""371c45bb990d54f8ad9b"", ""source"": ""play_store""}"
9f8d73018df0d9c747c1,mai hmesha myntra se hi shopping krti hu good quywith good price,"{""review_id"": ""9f8d73018df0d9c747c1"", ""source"": ""play_store""}"
91f5452358baf3177036,very best online shopping app for myntra,"{""review_id"": ""91f5452358baf3177036"", ""source"": ""play_store""}"
f84d0351dbdbd00fe83c,faith full brands,"{""review_id"": ""f84d0351dbdbd00fe83c"", ""source"": ""play_store""}"
84416712dc7210466eb1,good products,"{""review_id"": ""84416712dc7210466eb1"", ""source"": ""play_store""}"
85792e4e9b195e58ad88,Happy to see your fast service...,"{""review_id"": ""85792e4e9b195e58ad88"", ""source"": ""play_store""}"
f1b7f825539c7f46954d,best shopping app,"{""review_id"": ""f1b7f825539c7f46954d"", ""source"": ""play_store""}"
0f6f09d94559addb7143,quick and easy order placement,"{""review_id"": ""0f6f09d94559addb7143"", ""source"": ""play_store""}"
81dffbc6cd09f3e2782f,love myntra,"{""review_id"": ""81dffbc6cd09f3e2782f"", ""source"": ""play_store""}"
32ad63af1153816dba0c,Good product quality,"{""review_id"": ""32ad63af1153816dba0c"", ""source"": ""play_store""}"
6ccc0cff8070e1595bf5,very good product,"{""review_id"": ""6ccc0cff8070e1595bf5"", ""source"": ""play_store""}"
38e06ec3c5555a30075b,very good app & offer briliant,"{""review_id"": ""38e06ec3c5555a30075b"", ""source"": ""play_store""}"
9a639077d6b0d31c4019,experience is good 😊,"{""review_id"": ""9a639077d6b0d31c4019"", ""source"": ""play_store""}"
09cfc398d3944c389ca2,loved shopping on Myntra.,"{""review_id"": ""09cfc398d3944c389ca2"", ""source"": ""play_store""}"
241003c3b475616c3ce8,all over good,"{""review_id"": ""241003c3b475616c3ce8"", ""source"": ""play_store""}"
84e985283af3c88d8a4c,best appp cheapest,"{""review_id"": ""84e985283af3c88d8a4c"", ""source"": ""play_store""}"
406a6be097a4988d78e7,good febric,"{""review_id"": ""406a6be097a4988d78e7"", ""source"": ""play_store""}"
3e30e586266ef07cbee2,very nice👌,"{""review_id"": ""3e30e586266ef07cbee2"", ""source"": ""play_store""}"
6130defcf47a033815bb,nice app..,"{""review_id"": ""6130defcf47a033815bb"", ""source"": ""play_store""}"
d6386ffa6120ce4c1be8,best app love it,"{""review_id"": ""d6386ffa6120ce4c1be8"", ""source"": ""play_store""}"
10896908d7af9aae7b31,very good product of arrow,"{""review_id"": ""10896908d7af9aae7b31"", ""source"": ""play_store""}"
336c7fcc4a1531ad5113,the app is very nice,"{""review_id"": ""336c7fcc4a1531ad5113"", ""source"": ""play_store""}"
83c0d2d0f3dea67e56cf,"Excellent fashion app Incredible collection for every occasion and budget. The deals during sales are unbeatable, and the quality of products has always been reliable. Seamless browsing and fast delivery!","{""review_id"": ""83c0d2d0f3dea67e56cf"", ""source"": ""play_store""}"
98a3d0d16a0ef975852b,justttt superb,"{""review_id"": ""98a3d0d16a0ef975852b"", ""source"": ""play_store""}"
0853080cc39f23e90107,I always had an amazing experience...,"{""review_id"": ""0853080cc39f23e90107"", ""source"": ""play_store""}"
ef90c713f9c7a0eef7db,"worst customer support ever, i had payment error in myntra app but the transaction was successfull. they stole my money and now from last 16 days constantly saying wait for 48hrs even after i have sent them banking tracking number. such a careless people.","{""review_id"": ""ef90c713f9c7a0eef7db"", ""source"": ""play_store""}"
02c8f079c0c73e4e8130,very stylish products at reasonable price,"{""review_id"": ""02c8f079c0c73e4e8130"", ""source"": ""play_store""}"
0ccca4372f4fbe0c36ec,And I have ordered so much time so many things but you were always say that delivery attempt failed and then always I waited for to reach the delivery to me but at the end you always cancelled my order so this much poor you delivery attempt and you all guys of myntra you have never reach to me by taking my order but still you all say that you aren't there to receive your order but the delivery agent never make sure to call me or you never texted me that your delivery has reached on WhatsApp or n,"{""review_id"": ""0ccca4372f4fbe0c36ec"", ""source"": ""play_store""}"
6cbb188767a69e2d9fe0,good service ❤️,"{""review_id"": ""6cbb188767a69e2d9fe0"", ""source"": ""play_store""}"
1c5a559ecc3cf4f91681,doing lots of efforts to improve the service and give you best output,"{""review_id"": ""1c5a559ecc3cf4f91681"", ""source"": ""play_store""}"
657b3af2103b518d302f,Products are the best on myntra nd delivery is also good,"{""review_id"": ""657b3af2103b518d302f"", ""source"": ""play_store""}"
1c7c2f9746488befe569,bad service....,"{""review_id"": ""1c7c2f9746488befe569"", ""source"": ""play_store""}"
0f631a82950c5126ed04,good product,"{""review_id"": ""0f631a82950c5126ed04"", ""source"": ""play_store""}"
034b77421e197fd998f9,very good platform to buy clothes online,"{""review_id"": ""034b77421e197fd998f9"", ""source"": ""play_store""}"
80dea81da1331d9764f3,it contains so much money 💰,"{""review_id"": ""80dea81da1331d9764f3"", ""source"": ""play_store""}"
1bd337fc6375f8f2ebeb,"I have great experience with myntra, they have best services..😚","{""review_id"": ""1bd337fc6375f8f2ebeb"", ""source"": ""play_store""}"
710c99064396b77be32c,easy to order and the service are great,"{""review_id"": ""710c99064396b77be32c"", ""source"": ""play_store""}"
9c579e2963832d94cdc1,good app. efficient returns and deliveries. Go for it.,"{""review_id"": ""9c579e2963832d94cdc1"", ""source"": ""play_store""}"
367b029cb4765d3f4a15,"Wide range of brands, from budget to premium.","{""review_id"": ""367b029cb4765d3f4a15"", ""source"": ""play_store""}"
09eb783e9ec64c4d9877,super amazing and beautiful article,"{""review_id"": ""09eb783e9ec64c4d9877"", ""source"": ""play_store""}"
5e7b8813b33f8ce0fd19,always satisfied this app,"{""review_id"": ""5e7b8813b33f8ce0fd19"", ""source"": ""play_store""}"
3d5da64ed15229c0be75,good quality product,"{""review_id"": ""3d5da64ed15229c0be75"", ""source"": ""play_store""}"
3b8890b63a34c3d24a01,I had best experience in buying Branded products and returning if there are size issues or product is not up to the mark. refund is also quick,"{""review_id"": ""3b8890b63a34c3d24a01"", ""source"": ""play_store""}"
677ed56ec47923cc29a8,Awesome...,"{""review_id"": ""677ed56ec47923cc29a8"", ""source"": ""play_store""}"
9d8c09024f3f2fd04e36,use this for good quality product,"{""review_id"": ""9d8c09024f3f2fd04e36"", ""source"": ""play_store""}"
378f338c12f2e5c8b570,"I ordered a Sujata Mixer Grinder Juicer from Myntra, but they delivered an old product in old and damaged packaging. I raised a return request immediately, but for the last 17 days Myntra has been showing ""Return Pickup Failed,"" while Delhivery keeps marking it as ""Failed RVP QC"" or ""Failed QC"" or ""No one available"" even though no pickup executive has ever visited my address or called me. False updates and poor customer support have completely destroyed my trust in both Myntra and Delhivery.","{""review_id"": ""378f338c12f2e5c8b570"", ""source"": ""play_store""}"
e69ea4a4bf4968fc2cb3,very good app and also solve issue immediately,"{""review_id"": ""e69ea4a4bf4968fc2cb3"", ""source"": ""play_store""}"
f3fa952a32f0d6521eca,platform fee is high and unnecessary,"{""review_id"": ""f3fa952a32f0d6521eca"", ""source"": ""play_store""}"
8273e7b0b9cf5f11fe2f,worst app ever,"{""review_id"": ""8273e7b0b9cf5f11fe2f"", ""source"": ""play_store""}"
0da421ca34bf52a9824a,good app for clothes,"{""review_id"": ""0da421ca34bf52a9824a"", ""source"": ""play_store""}"
a3819eee98ca5bcadc4d,"Terrible customer service. Their delivery executive picked up my return and has lost it in transit. Because of that they are refusing to provide me refund. Customer service only give standard responses, and are only trained for how fast they can close the tickets. ZERO ACCOUNTABILITY. Never using this app again.","{""review_id"": ""a3819eee98ca5bcadc4d"", ""source"": ""play_store""}"
ca38cdde5644b366627f,Easy to use app with great offers,"{""review_id"": ""ca38cdde5644b366627f"", ""source"": ""play_store""}"
9940d260f89e424fa4d1,wide variety of products at just affordable price,"{""review_id"": ""9940d260f89e424fa4d1"", ""source"": ""play_store""}"
db1a48e4d86ab46d461a,"Fraud. Sent me wrong item. When raised return query, Myntra refused. Filed a complaint on consumer redressal mechanism of Consumer Affairs Ministey.","{""review_id"": ""db1a48e4d86ab46d461a"", ""source"": ""play_store""}"
7579904bad63ac418581,Myntra is very nice app,"{""review_id"": ""7579904bad63ac418581"", ""source"": ""play_store""}"
801c23d4e570e20e9815,perfect shopping app,"{""review_id"": ""801c23d4e570e20e9815"", ""source"": ""play_store""}"
a58cd52a47a6e6c51628,overall grt,"{""review_id"": ""a58cd52a47a6e6c51628"", ""source"": ""play_store""}"
8dde734600d0d4f54c4e,delayed delivery for myntra delivery partner.,"{""review_id"": ""8dde734600d0d4f54c4e"", ""source"": ""play_store""}"
f2c22421f59cff16a8e1,it is a very good app for shopping you can buy anything and you will get it correctly,"{""review_id"": ""f2c22421f59cff16a8e1"", ""source"": ""play_store""}"
b206dee91bfca07f38fd,i bad experience,"{""review_id"": ""b206dee91bfca07f38fd"", ""source"": ""play_store""}"
10032421c22f16a6e102,"Myntra remains one of the premier destinations for online fashion, beauty, and lifestyle shopping in India. Whether you are looking for everyday casuals, premium ethnic wear, luxury international labels, or beauty essentials, the app offers a polished, comprehensive shopping experience. Key Features & User Experience Sleek & Intuitive Interface Vast Product Catalog Myntra Studio & Trends Virtual Try-On & Fit Assistants Express Delivery (M-Express)","{""review_id"": ""10032421c22f16a6e102"", ""source"": ""play_store""}"
962893cd487e11e80985,great experience,"{""review_id"": ""962893cd487e11e80985"", ""source"": ""play_store""}"
161fa26499a71d9ffe8f,experience was so good 👍,"{""review_id"": ""161fa26499a71d9ffe8f"", ""source"": ""play_store""}"
642db177715556519404,really tha app was very useful,"{""review_id"": ""642db177715556519404"", ""source"": ""play_store""}"
c2edb2e1ea95b91dacb4,Best with quality...variety..and amazing discount on brands in love myntra,"{""review_id"": ""c2edb2e1ea95b91dacb4"", ""source"": ""play_store""}"
9d8faadf939f26ad39ac,it was a nice experience choosing you every product is of bestest quality,"{""review_id"": ""9d8faadf939f26ad39ac"", ""source"": ""play_store""}"
c85df6ee09ac4e19eac5,I am using this Myntra app for more than 12 years . I am a regular customer to this. Still I am giving a 1 rating today as there is no number less than this . I have ordered 7 kurtis but found that the size is small as per my requirement. So I requested for an exchange. Unfortunately the sales boy refused to exchange and told me they are not matching tags . How is it possible. I am not a new customer. I know the policy of exchange. The available tags are attached.Very unprofessional approach.,"{""review_id"": ""c85df6ee09ac4e19eac5"", ""source"": ""play_store""}"
ff3653a03a0cf03d7024,you r just amazing 😍🤩,"{""review_id"": ""ff3653a03a0cf03d7024"", ""source"": ""play_store""}"
e734ab3164e67f89b193,it is nice product and quality is very good,"{""review_id"": ""e734ab3164e67f89b193"", ""source"": ""play_store""}"
28a0b15f7f26985408f8,This company puts out fake offers... and cancels orders after accepting them.,"{""review_id"": ""28a0b15f7f26985408f8"", ""source"": ""play_store""}"
d789f54bbb54d3925483,Yes It was a great experience because delivery is fast within tomorrow to your house 🏠.,"{""review_id"": ""d789f54bbb54d3925483"", ""source"": ""play_store""}"
abc5ba6ce6e3ca0ee78f,great 👍 experience,"{""review_id"": ""abc5ba6ce6e3ca0ee78f"", ""source"": ""play_store""}"
b52f3b01e64cf33af376,nice Mitra,"{""review_id"": ""b52f3b01e64cf33af376"", ""source"": ""play_store""}"
938513fa776181d867f2,cloth ki quality bhaut h achi h 😊 mst h,"{""review_id"": ""938513fa776181d867f2"", ""source"": ""play_store""}"
911925257593aefebce6,super quality by products,"{""review_id"": ""911925257593aefebce6"", ""source"": ""play_store""}"
63b303418c3e6ffe87ce,"love the customer care, the app, the brands, everything!","{""review_id"": ""63b303418c3e6ffe87ce"", ""source"": ""play_store""}"
1b4f3d6e6bed8856162c,excellent 👌🏻,"{""review_id"": ""1b4f3d6e6bed8856162c"", ""source"": ""play_store""}"
820ae4bc2d80faf72c39,"VERY DISAPPOINTING EXPERIENCE and that too for the second time from MYNTRA ,the first time being the order getting cancelled by itself without any prior headsup or whatsoever!! This time a delivery delay of more than a week? No proper accountable answer or explanation regarding the delay too . The delivery couldn't be made even it has already reached the destination city!!! And that too a week??? And no plausible explanation for the same!!! Very disappointing, very much unlikely of suggesting.","{""review_id"": ""820ae4bc2d80faf72c39"", ""source"": ""play_store""}"
16652bae1d580dcfc463,iam happy 😊,"{""review_id"": ""16652bae1d580dcfc463"", ""source"": ""play_store""}"
44742182c1d49757c41c,veryyyy nice app,"{""review_id"": ""44742182c1d49757c41c"", ""source"": ""play_store""}"
20f03a65cac4e1d19983,Totally Good,"{""review_id"": ""20f03a65cac4e1d19983"", ""source"": ""play_store""}"
a66eb55ae7cc3f318a41,loved the product and quality,"{""review_id"": ""a66eb55ae7cc3f318a41"", ""source"": ""play_store""}"
5dc03a19b8a16636254b,I love this app❤️,"{""review_id"": ""5dc03a19b8a16636254b"", ""source"": ""play_store""}"
3b50a10111591dea536e,easy process,"{""review_id"": ""3b50a10111591dea536e"", ""source"": ""play_store""}"
6793d66cc48ee971f857,good place for shopping,"{""review_id"": ""6793d66cc48ee971f857"", ""source"": ""play_store""}"
33c007374d9688d188ef,excellant products and good service,"{""review_id"": ""33c007374d9688d188ef"", ""source"": ""play_store""}"
4f409ec1637b34852a61,I have been using myntra for a long time.,"{""review_id"": ""4f409ec1637b34852a61"", ""source"": ""play_store""}"
5d2d7793d56b29860250,nice application,"{""review_id"": ""5d2d7793d56b29860250"", ""source"": ""play_store""}"
6903ea7083f51b799a33,I have always found genuine products whenever I ordered,"{""review_id"": ""6903ea7083f51b799a33"", ""source"": ""play_store""}"
7926866d54760e9822c1,Collections are great in all categories from women's western dresses to men's wear with good quality.,"{""review_id"": ""7926866d54760e9822c1"", ""source"": ""play_store""}"
cfb47cf285dc12b46a67,Bad customer service. Not Received refund with not my fault. I ordered 5 products from which I received 2 products and 1 different product and the other 2 products were missing. I complained to customer service but they refused to give me a refund saying that the item was shipped properly from their side . I bear a huge amount of loss.,"{""review_id"": ""cfb47cf285dc12b46a67"", ""source"": ""play_store""}"
9e2abd1f863d32ce4852,problem with myntra is when u scroll down and see any item and came back it directly starts from top again.. where in amazona nd other app the keep user to the same place where ever they have scrolled. pathetic developer who ever developed .. do not pay salary to him.,"{""review_id"": ""9e2abd1f863d32ce4852"", ""source"": ""play_store""}"
ed26561910572dcad9b7,Nice product same as in image,"{""review_id"": ""ed26561910572dcad9b7"", ""source"": ""play_store""}"
72051ae18dfc550590f3,trustworthy products,"{""review_id"": ""72051ae18dfc550590f3"", ""source"": ""play_store""}"
3ec8d2428ae9f515b2c5,the delivery date is not fixed,"{""review_id"": ""3ec8d2428ae9f515b2c5"", ""source"": ""play_store""}"
18f9a73271f61e4497f3,Excellent 👌,"{""review_id"": ""18f9a73271f61e4497f3"", ""source"": ""play_store""}"
ce55980eae456d75df74,Best shopping app I have ever use,"{""review_id"": ""ce55980eae456d75df74"", ""source"": ""play_store""}"
c0e95b64147169724c2d,"Worst Experience Ever! Do NOT Install! 👎 Absolutely useless app and worst customer support. They don't process returns or refunds properly, and their support center gives no response. Very bad service. Don't waste your time and money on Myntra!","{""review_id"": ""c0e95b64147169724c2d"", ""source"": ""play_store""}"
fe76972fc847b1f8a510,I love this app and this apps product is too good 😊,"{""review_id"": ""fe76972fc847b1f8a510"", ""source"": ""play_store""}"
a53942b7475da6edba6f,very asom experience,"{""review_id"": ""a53942b7475da6edba6f"", ""source"": ""play_store""}"
169f6b0c84026a380470,best skincare section❤️❤️,"{""review_id"": ""169f6b0c84026a380470"", ""source"": ""play_store""}"
b9249ac437344eb38508,for Clothing Choose Mantra,"{""review_id"": ""b9249ac437344eb38508"", ""source"": ""play_store""}"
e80feae6de4aba5373f5,thank you myntra to became our life so easy.,"{""review_id"": ""e80feae6de4aba5373f5"", ""source"": ""play_store""}"
0dc7d2979cfd47e773f6,good qality,"{""review_id"": ""0dc7d2979cfd47e773f6"", ""source"": ""play_store""}"
69fb2e03215437793d98,"man today I ordered 2 pair of shoes and received only one pair pair of shoes , he took the whole money saying it is the full order and the shoes were for roadster but it was duplicate and used has well , the tag was off , and what I have observed is they are selling more duplicate iteams in myntra now a days , previously I ordered HRX clogs and got some other brand insted some local one","{""review_id"": ""69fb2e03215437793d98"", ""source"": ""play_store""}"
2b49ce389a6842e943c1,experience was very nice,"{""review_id"": ""2b49ce389a6842e943c1"", ""source"": ""play_store""}"
b5cb94d93ef95c385630,good to go with and very good delivery also..,"{""review_id"": ""b5cb94d93ef95c385630"", ""source"": ""play_store""}"
79557c8f9622538b665d,the appp and service is too good,"{""review_id"": ""79557c8f9622538b665d"", ""source"": ""play_store""}"
9139a4c67f5ff99ea3e8,I liked product guys must buy this,"{""review_id"": ""9139a4c67f5ff99ea3e8"", ""source"": ""play_store""}"
42f435631f206ac85ad3,Nice app 👌,"{""review_id"": ""42f435631f206ac85ad3"", ""source"": ""play_store""}"
3a83ab4e5f24ae36462e,fake apps fake product,"{""review_id"": ""3a83ab4e5f24ae36462e"", ""source"": ""play_store""}"
1c9359436e4087c7cbb9,"it's an amazing, affordable online shopping application","{""review_id"": ""1c9359436e4087c7cbb9"", ""source"": ""play_store""}"
021033b0b0c2220637b7,The quality of the fabric is so bad and the wrong labelling also model height and size were wrong in labelling... The quality of the jeans is reduced so much that they are given fabric like meesho with twice or thrice the price ....also most jeans are straight fit and labelled as wide legs ...are you guys letting people sell anything whatsoever ?,"{""review_id"": ""021033b0b0c2220637b7"", ""source"": ""play_store""}"
e3588022aef652a12d09,myntra is very convenient to use and specifically get original product in its value and quality ☺️ is also great...,"{""review_id"": ""e3588022aef652a12d09"", ""source"": ""play_store""}"
38fbce990b658cf72ec3,good experience with myntra withing last 6-7 years ...,"{""review_id"": ""38fbce990b658cf72ec3"", ""source"": ""play_store""}"
f1a303e939fb093cfa2b,myntra is a good deal app,"{""review_id"": ""f1a303e939fb093cfa2b"", ""source"": ""play_store""}"
47b85e954ba5797ee3f2,genuine brands,"{""review_id"": ""47b85e954ba5797ee3f2"", ""source"": ""play_store""}"
c8f5a89aa13fb4056469,"very good app , love shopping here and kind people and service team","{""review_id"": ""c8f5a89aa13fb4056469"", ""source"": ""play_store""}"
fa99a15bf2a45b05a9ce,amazing app with lowest price and quality and very authentic brands...,"{""review_id"": ""fa99a15bf2a45b05a9ce"", ""source"": ""play_store""}"
f73fb08d35ddb36d140e,genuine brands are on this app,"{""review_id"": ""f73fb08d35ddb36d140e"", ""source"": ""play_store""}"
2d306e53837937d761a2,amazing app,"{""review_id"": ""2d306e53837937d761a2"", ""source"": ""play_store""}"
7900761afc8d227f2f1b,superb application,"{""review_id"": ""7900761afc8d227f2f1b"", ""source"": ""play_store""}"
325d1fd4e39524f8f0f5,i really like the product of myntra,"{""review_id"": ""325d1fd4e39524f8f0f5"", ""source"": ""play_store""}"
4c7ebfa9a1283c48cd76,Best Quality till using want to order more,"{""review_id"": ""4c7ebfa9a1283c48cd76"", ""source"": ""play_store""}"
4cf1f4ae2b043477149a,good app for shopping,"{""review_id"": ""4cf1f4ae2b043477149a"", ""source"": ""play_store""}"
179cf13ca8a835c1e79a,"nice body wash, nice smell 😁","{""review_id"": ""179cf13ca8a835c1e79a"", ""source"": ""play_store""}"
ced06d1391869d7d2aa3,excellent and promt service on the confirmed date. very happy with Myntra,"{""review_id"": ""ced06d1391869d7d2aa3"", ""source"": ""play_store""}"
2c5212ebc6196123278f,excellent ❤️,"{""review_id"": ""2c5212ebc6196123278f"", ""source"": ""play_store""}"
e4b7bde97d26f509a793,Really this a best platform for online marketing,"{""review_id"": ""e4b7bde97d26f509a793"", ""source"": ""play_store""}"
91adbc6efdfba2509b90,their dlvry persons sometimes do fraud,"{""review_id"": ""91adbc6efdfba2509b90"", ""source"": ""play_store""}"
182ec4bc0a221540ad2a,fabric quality too good purchase on myntra,"{""review_id"": ""182ec4bc0a221540ad2a"", ""source"": ""play_store""}"
d0efe548d024a9793013,very good app and product is also good and affordable,"{""review_id"": ""d0efe548d024a9793013"", ""source"": ""play_store""}"
9b1f34f235ed89e05edd,very best & Reliable ❤️❤️,"{""review_id"": ""9b1f34f235ed89e05edd"", ""source"": ""play_store""}"
cadbf9b867bdfcf7b48b,every product is good 👍,"{""review_id"": ""cadbf9b867bdfcf7b48b"", ""source"": ""play_store""}"
45d8525218ff168bc5d7,yess it's good,"{""review_id"": ""45d8525218ff168bc5d7"", ""source"": ""play_store""}"
089e1b00933b87b8a7f1,my experience on this app is so good 😊 please provide me some discount coupons please,"{""review_id"": ""089e1b00933b87b8a7f1"", ""source"": ""play_store""}"
cfa2e3eca8e29206134f,Amazing product and good experience,"{""review_id"": ""cfa2e3eca8e29206134f"", ""source"": ""play_store""}"
9300f6eb3ec0eca51fb9,good quality products,"{""review_id"": ""9300f6eb3ec0eca51fb9"", ""source"": ""play_store""}"
3473c06361150afc2a71,I like the most about myntra is about quality and trust,"{""review_id"": ""3473c06361150afc2a71"", ""source"": ""play_store""}"
e000e02e3187b87d4000,best online shopping experience,"{""review_id"": ""e000e02e3187b87d4000"", ""source"": ""play_store""}"
83add668fe7153babf72,product is very good,"{""review_id"": ""83add668fe7153babf72"", ""source"": ""play_store""}"
3aeb9a71cd3d8dd08dc4,"⭐⭐⭐⭐⭐ I've had a great shopping experience with Myntra. The app is easy to use, offers a wide variety of fashion brands, and the product quality is generally excellent. Delivery is usually on time, and returns and refunds are smooth and hassle-free. I also like the frequent discounts and deals, which make shopping more affordable. Overall, it's one of the best online shopping apps for fashion. Highly recommended!","{""review_id"": ""3aeb9a71cd3d8dd08dc4"", ""source"": ""play_store""}"
78446ae31b09a3b54af0,"my first choice always Myntra , best quality & best service 😍","{""review_id"": ""78446ae31b09a3b54af0"", ""source"": ""play_store""}"
6f82db8a50d0358c4340,"awesome good quality, very very amazing collection love to buy quality 10/10 & glam clan program is totally amazing","{""review_id"": ""6f82db8a50d0358c4340"", ""source"": ""play_store""}"
e307a829b7baca331828,useful product's,"{""review_id"": ""e307a829b7baca331828"", ""source"": ""play_store""}"
e6388a37271c7f41d44a,trusted online shopping platform,"{""review_id"": ""e6388a37271c7f41d44a"", ""source"": ""play_store""}"
692f8e9d273077806ef6,Fantastic experience while placing my first order.,"{""review_id"": ""692f8e9d273077806ef6"", ""source"": ""play_store""}"
fcafa597e6d6f95c1eef,"update: I dropped an email as soon as I saw the response but till date no reply. pathetic Cheating! they canceled my return pick up. the delivery guy asked me to leave the package in a box since it is office space and I left it there. now they canceled it. so I dont have the product, neither they gave a refund... totally unethical people","{""review_id"": ""fcafa597e6d6f95c1eef"", ""source"": ""play_store""}"
b5c98c185765de7daa4b,every thing is good no complaint,"{""review_id"": ""b5c98c185765de7daa4b"", ""source"": ""play_store""}"
c5e6adb9cec4d78d74c8,Thanks for sharing 👍,"{""review_id"": ""c5e6adb9cec4d78d74c8"", ""source"": ""play_store""}"
67d797b97cefb0d8a11e,Deliver Good Quality Product,"{""review_id"": ""67d797b97cefb0d8a11e"", ""source"": ""play_store""}"
b3b4e66060af3834210d,Wide range to choose from. Excellent to buy from during sales,"{""review_id"": ""b3b4e66060af3834210d"", ""source"": ""play_store""}"
ce4415a232e550419b2b,very valuable 👌,"{""review_id"": ""ce4415a232e550419b2b"", ""source"": ""play_store""}"
d6356baff7cd3bbcc84b,I love Myntra thank you for the wonderful products i ordered from myntra,"{""review_id"": ""d6356baff7cd3bbcc84b"", ""source"": ""play_store""}"
943af6640c8d74bf0bd4,Myntra app is the best platform for online shopping. my favourite Shop!,"{""review_id"": ""943af6640c8d74bf0bd4"", ""source"": ""play_store""}"
296fe6f8ad61452bad93,quality products are available,"{""review_id"": ""296fe6f8ad61452bad93"", ""source"": ""play_store""}"
7d6f5341b1409f3b13cd,ok okay thik thak h kpde ke according prize jade h ye 300 se jade ka lg nhi rha h kabda quality bahot achhi nhi h,"{""review_id"": ""7d6f5341b1409f3b13cd"", ""source"": ""play_store""}"
c32266be4ede9c0af339,This app is very genuine and trusted shopping brands are too good Quality I love mynthra 🥰🥰🥰🥰🤩🤩🤩🤩❤️❤️,"{""review_id"": ""c32266be4ede9c0af339"", ""source"": ""play_store""}"
6bfefaec054c688fbc99,my experience with myntra is very good from ordering to receiving everything is on time and service is best for me 🎀,"{""review_id"": ""6bfefaec054c688fbc99"", ""source"": ""play_store""}"
6c08fee9b537de0d699b,genuine product affordable price,"{""review_id"": ""6c08fee9b537de0d699b"", ""source"": ""play_store""}"
1e42b3e048397d88640c,quality was good.and packaging also nice,"{""review_id"": ""1e42b3e048397d88640c"", ""source"": ""play_store""}"
fa98e93ac7b72393de59,"Good variety selections, easy return options","{""review_id"": ""fa98e93ac7b72393de59"", ""source"": ""play_store""}"
afd89790f93e0560602c,very good myntra,"{""review_id"": ""afd89790f93e0560602c"", ""source"": ""play_store""}"
ce57f19e09ea603c1bf6,awesome service..and products🎉❤️ and trustable app,"{""review_id"": ""ce57f19e09ea603c1bf6"", ""source"": ""play_store""}"
cdaf09f03b43d4f5e9e7,put more options in product,"{""review_id"": ""cdaf09f03b43d4f5e9e7"", ""source"": ""play_store""}"
21a03e96a5cd23d63963,Excellent app...very user friendly. Best Filter criteria across all clothing apps.,"{""review_id"": ""21a03e96a5cd23d63963"", ""source"": ""play_store""}"
83476b20f80eee77715e,but they do not provide cash on delivery,"{""review_id"": ""83476b20f80eee77715e"", ""source"": ""play_store""}"
44d19dd1c061f0994656,"Excellent products and worth for money, good quality Loved the product! The fabric feels premium and the stitching is neat. Looks even better in person than in the pictures. Very happy with this Myntra purchase!","{""review_id"": ""44d19dd1c061f0994656"", ""source"": ""play_store""}"
cec6353b5c170b18b305,nice experience for shopping it feels premium to shop from here,"{""review_id"": ""cec6353b5c170b18b305"", ""source"": ""play_store""}"
468f3c797800a00e7959,excellent app genuine product,"{""review_id"": ""468f3c797800a00e7959"", ""source"": ""play_store""}"
ba27d1508186f217ccda,i 100% believe in myntra product always pure,"{""review_id"": ""ba27d1508186f217ccda"", ""source"": ""play_store""}"
99e326b0b9c8ccd3bcef,"Myntra is a fantastic online shopping platform for fashion and lifestyle, offering a huge selection, trendy styles, and easy returns. Key highlights include big brand variety, fast delivery, and helpful size guides. Amazing shopping experience! Myntra has the best collection of trendy clothes and top brands. Delivery is always on time, and the return policy is super smooth. Highly recommended for fashion lovers!","{""review_id"": ""99e326b0b9c8ccd3bcef"", ""source"": ""play_store""}"
1342aded0d802c432828,Great Experience 👍,"{""review_id"": ""1342aded0d802c432828"", ""source"": ""play_store""}"
bd0e082840060054ef80,just love to shop here in myntra no hussle for returning anything,"{""review_id"": ""bd0e082840060054ef80"", ""source"": ""play_store""}"
d7d01338861a8b9c009a,amezing platform 😚🎀,"{""review_id"": ""d7d01338861a8b9c009a"", ""source"": ""play_store""}"
8ae3e9d3032602ab2bec,no 1 shopping app,"{""review_id"": ""8ae3e9d3032602ab2bec"", ""source"": ""play_store""}"
77df79c8df4a5e6bb6d6,good but too much platform fee 😕,"{""review_id"": ""77df79c8df4a5e6bb6d6"", ""source"": ""play_store""}"
d97720d52ad511b4d5c0,mind blowing app,"{""review_id"": ""d97720d52ad511b4d5c0"", ""source"": ""play_store""}"
1e76b5d2c0d2679cdf7e,"Very disappointing experience. My refund was credited to someone else's account instead of my bank account. I informed customer support many times, but they never listened or properly understood my issue. The helpline is completely useless and they kept giving the same responses without resolving the problem. Even after repeated complaints, my issue remains unresolved. I expected better service, but this has been the worst customer support experience I have ever had. I do not recommend this serv","{""review_id"": ""1e76b5d2c0d2679cdf7e"", ""source"": ""play_store""}"
da44b35d3112dd3bb9ae,better than any other plateform,"{""review_id"": ""da44b35d3112dd3bb9ae"", ""source"": ""play_store""}"
ed6254b774b57ee92b7e,wonderful app,"{""review_id"": ""ed6254b774b57ee92b7e"", ""source"": ""play_store""}"
2196fc4e573a6ba64e22,"""Love shopping on Myntra! The collection of clothing and accessories is top-notch, delivery is always on time, and returns/exchanges are completely hassle-free.""","{""review_id"": ""2196fc4e573a6ba64e22"", ""source"": ""play_store""}"
71a4b65826e7a263a0f3,exceptional,"{""review_id"": ""71a4b65826e7a263a0f3"", ""source"": ""play_store""}"
29fae9337af3c0a359f5,Very good app must use,"{""review_id"": ""29fae9337af3c0a359f5"", ""source"": ""play_store""}"
1297388cc098b5e41afa,I like this platform for shopping it's too good. Its material quality is too good.,"{""review_id"": ""1297388cc098b5e41afa"", ""source"": ""play_store""}"
ea17b27d757e8b4af59e,best quality app,"{""review_id"": ""ea17b27d757e8b4af59e"", ""source"": ""play_store""}"
18ff2141079c86143647,the products were very good and very wide collection,"{""review_id"": ""18ff2141079c86143647"", ""source"": ""play_store""}"
37a736e3566a98c014d1,आज कल कुछ डिलीवरी बाय चौरी v kr रहे है सब पैकेट का सामान चेंज कर देते है अब फिर कंपनी मानने को तैयार नहीं होता है उनके द्वारा कहा जाता है कि माने सामान सही भेजा था ये अधिकतर फ्लिपकार्ट myntra pr ho raha hai hai सबसे अच्छा है हर सामान का ओपन बॉक्स डिलीवरी हो सामान सही तो कस्टमर ले नहीं तो सेम टाइम रिटर्न ले के जाए डिलीवरी बाय उसे बाद में क्यों रिटर्न करें कस्टमर और कंपनी दोनों का टाइम खराब होता है इसमें कंपनी के सभी बड़े अधिकारी इस कम में मिले है कस्टमर को लुटा जा रहा है,"{""review_id"": ""37a736e3566a98c014d1"", ""source"": ""play_store""}"
0da9ed12e4ff392ab109,just expensive,"{""review_id"": ""0da9ed12e4ff392ab109"", ""source"": ""play_store""}"
f3dd787920680190b6cf,pathetic ai customer service,"{""review_id"": ""f3dd787920680190b6cf"", ""source"": ""play_store""}"
6d590bb9bb1f06306cfb,I love to shop from myntra 😍,"{""review_id"": ""6d590bb9bb1f06306cfb"", ""source"": ""play_store""}"
347fe389ef3da4388700,Awesome price and you get everything 🥰,"{""review_id"": ""347fe389ef3da4388700"", ""source"": ""play_store""}"
e9c5824b86de2af2cb83,the product i received was exactly same but I am really disappointed with the service,"{""review_id"": ""e9c5824b86de2af2cb83"", ""source"": ""play_store""}"
6aab82afeb1f0808d9fe,always gives the best product,"{""review_id"": ""6aab82afeb1f0808d9fe"", ""source"": ""play_store""}"
d66758aad97cf45b4b81,product prices high rehta hai but products bhaut accha hota hai 🙌💖,"{""review_id"": ""d66758aad97cf45b4b81"", ""source"": ""play_store""}"
54cceebf42d461060e6e,good and absolutely satisfying 👍,"{""review_id"": ""54cceebf42d461060e6e"", ""source"": ""play_store""}"
93253f8187f9568f478c,best app for clothes ♥️,"{""review_id"": ""93253f8187f9568f478c"", ""source"": ""play_store""}"
c521459b4386c11e1020,very good shopping app,"{""review_id"": ""c521459b4386c11e1020"", ""source"": ""play_store""}"
e50ccc7aa990c7138a23,"❌❌These are fraud app ⚠️⚠️that order one product and deliver another. They initially promise discounts, but automatically cancel the order giving delivery issue.❌","{""review_id"": ""e50ccc7aa990c7138a23"", ""source"": ""play_store""}"
746904166a411fcec990,good and 👍,"{""review_id"": ""746904166a411fcec990"", ""source"": ""play_store""}"
4b439d5393192efdcdb5,very good 💯 result,"{""review_id"": ""4b439d5393192efdcdb5"", ""source"": ""play_store""}"
105c967b9cb753def734,shopping k liye sabse achhi app h,"{""review_id"": ""105c967b9cb753def734"", ""source"": ""play_store""}"
11d779680b70a31b6b39,good experience of shopping with myntra ....nice quality of products delivered...,"{""review_id"": ""11d779680b70a31b6b39"", ""source"": ""play_store""}"
1828bbca5babc5172619,nice app for fashion 👍,"{""review_id"": ""1828bbca5babc5172619"", ""source"": ""play_store""}"
5b3da6f5faea0179147b,delivery is not available in some areas 👎🏻,"{""review_id"": ""5b3da6f5faea0179147b"", ""source"": ""play_store""}"
50a922d7fe95622a9de2,the shoe price is was very nice and app also,"{""review_id"": ""50a922d7fe95622a9de2"", ""source"": ""play_store""}"
feb1b4bbfe0db51d65fd,very very nice 👍👍,"{""review_id"": ""feb1b4bbfe0db51d65fd"", ""source"": ""play_store""}"
456dc95f0e6435eeffd4,Good Plateform,"{""review_id"": ""456dc95f0e6435eeffd4"", ""source"": ""play_store""}"
0d6cee481cb9b47a0a6a,order quality is better is delivered faster than other platforms,"{""review_id"": ""0d6cee481cb9b47a0a6a"", ""source"": ""play_store""}"
9601f5ac7a79197ffb3d,excellent products,"{""review_id"": ""9601f5ac7a79197ffb3d"", ""source"": ""play_store""}"
f389b61fdaa2ac1476d4,best app for clothes shopping 🛍️,"{""review_id"": ""f389b61fdaa2ac1476d4"", ""source"": ""play_store""}"
d45f5b7a75aae0ab476c,very good experience 👌,"{""review_id"": ""d45f5b7a75aae0ab476c"", ""source"": ""play_store""}"
98f137c546d8c0acf0a3,good 👍 👍 👍 👍,"{""review_id"": ""98f137c546d8c0acf0a3"", ""source"": ""play_store""}"
46db39b748b509feebdd,exlant super quality,"{""review_id"": ""46db39b748b509feebdd"", ""source"": ""play_store""}"
97c2a81da7e6820b0cb3,Good and Easy to use.,"{""review_id"": ""97c2a81da7e6820b0cb3"", ""source"": ""play_store""}"
5b9b3b7fe5f0e48f5302,Myntra Fashion Shoping app is the best 👌,"{""review_id"": ""5b9b3b7fe5f0e48f5302"", ""source"": ""play_store""}"
c23cb3f081bd59f94f8d,"Good product, good offers compared to other apps","{""review_id"": ""c23cb3f081bd59f94f8d"", ""source"": ""play_store""}"
d81a1e6158bb8fef1a69,Funds transfer is not effective,"{""review_id"": ""d81a1e6158bb8fef1a69"", ""source"": ""play_store""}"
93a66db82595d9972a01,product not delivered also amount not refunded,"{""review_id"": ""93a66db82595d9972a01"", ""source"": ""play_store""}"
bf8fc60fd6418df530e1,myntra Always deliver quality,"{""review_id"": ""bf8fc60fd6418df530e1"", ""source"": ""play_store""}"
208de862de4a5f3dcb2b,good collections 😀,"{""review_id"": ""208de862de4a5f3dcb2b"", ""source"": ""play_store""}"
23d053b8ea79ecd238d0,myntra was not gave details properly,"{""review_id"": ""23d053b8ea79ecd238d0"", ""source"": ""play_store""}"
1c54efa9987d902edd8a,"unbelievable experience, Allah time Awesome","{""review_id"": ""1c54efa9987d902edd8a"", ""source"": ""play_store""}"
8cd7147c48fba890127a,nice app for purchasing,"{""review_id"": ""8cd7147c48fba890127a"", ""source"": ""play_store""}"
8c99b5afa9a3ce47f2a6,myntra is a good shopping aap 🤗🥰😘,"{""review_id"": ""8c99b5afa9a3ce47f2a6"", ""source"": ""play_store""}"
5a93d1aaaa97b576f223,best shopping options,"{""review_id"": ""5a93d1aaaa97b576f223"", ""source"": ""play_store""}"
ee7234921e3be02fb32d,it's a very useful app,"{""review_id"": ""ee7234921e3be02fb32d"", ""source"": ""play_store""}"
05b8e084c58d85e178e2,very good survice,"{""review_id"": ""05b8e084c58d85e178e2"", ""source"": ""play_store""}"
bedd8e07f27530771fae,"The app is really very good and the weather is price or product qualities that it suggests in a lower price plus give more offer/discount and many more , just go for it one of the best app I ever downloaded.","{""review_id"": ""bedd8e07f27530771fae"", ""source"": ""play_store""}"
04d2aee54443cf0ce674,"Whenever you place an order, if there is late delivery then you have to cancel it.","{""review_id"": ""04d2aee54443cf0ce674"", ""source"": ""play_store""}"
c7a0cd450f6147dbdb2e,"myntra definitely needs a dark mode theme because there are people like us, who often likes to shop during bedtime or mostly when they are at home relaxing . it is going to help so much. :) all this years been waiting for this update but no updates as such till date.","{""review_id"": ""c7a0cd450f6147dbdb2e"", ""source"": ""play_store""}"
34ed2f6febf469c49b40,"The product quality and look is just as same as I reviewed before placing the order and as per my expectations, I would highly recommend to go for it if you are looking for office usage. It gives a very premium look but the only thing was that i was expecting my Esbeda handbag into an Esbeda boxing or packaging, but overall i recieved the product safely and packed in myntra packaging.Thankyou Myntra❤️","{""review_id"": ""34ed2f6febf469c49b40"", ""source"": ""play_store""}"
e32a9de71d3481267de3,best shopping platform,"{""review_id"": ""e32a9de71d3481267de3"", ""source"": ""play_store""}"
3d03c4fa4b2bc6a6a593,delivery fees is too high,"{""review_id"": ""3d03c4fa4b2bc6a6a593"", ""source"": ""play_store""}"
2d795d4b6c7ccc029a16,"order cheapest price, wear premium quality","{""review_id"": ""2d795d4b6c7ccc029a16"", ""source"": ""play_store""}"
689b9170300a9f44d87a,good app for shopping and assesories,"{""review_id"": ""689b9170300a9f44d87a"", ""source"": ""play_store""}"
4d7865094668da460420,good 👍🏻 product,"{""review_id"": ""4d7865094668da460420"", ""source"": ""play_store""}"
7eb3907906da9b0aa3ae,why they remove number what shows on top that how many articles are there ???,"{""review_id"": ""7eb3907906da9b0aa3ae"", ""source"": ""play_store""}"
4a495589f0271e5d5a66,nice product nice smell 👃soothing and calming,"{""review_id"": ""4a495589f0271e5d5a66"", ""source"": ""play_store""}"
29a3ed3e0b6758c3f6a4,very nice n trustworthy app,"{""review_id"": ""29a3ed3e0b6758c3f6a4"", ""source"": ""play_store""}"
5152a695596855055a29,fastest delivery,"{""review_id"": ""5152a695596855055a29"", ""source"": ""play_store""}"
d06d0411334189495b49,"You can find great projects on Mantra app, good quality, very nice.","{""review_id"": ""d06d0411334189495b49"", ""source"": ""play_store""}"
c4f8b25070afd35efd93,"I love u myntra ❤️😍🙈 such a easy to shop and return exchange procces is too much easy ,trusted and loved paltform I just ever feel.Happy 🫡😀🤗💘","{""review_id"": ""c4f8b25070afd35efd93"", ""source"": ""play_store""}"
afc5dca0fc97df43dd06,Myntra shopping app is very very good shopping app as compared toothers an d it is trustworthy. thankyou so much.,"{""review_id"": ""afc5dca0fc97df43dd06"", ""source"": ""play_store""}"
9d1f709225b10b5d8b4f,Best quality product ✨,"{""review_id"": ""9d1f709225b10b5d8b4f"", ""source"": ""play_store""}"
db17a04454e13e12f914,myntra is a good app I suggest you to check new and fresh collections and all the clothes are in our budget,"{""review_id"": ""db17a04454e13e12f914"", ""source"": ""play_store""}"
c5124369ba52324ba9ff,good and best materials,"{""review_id"": ""c5124369ba52324ba9ff"", ""source"": ""play_store""}"
47780a035ab9227c5c60,cod nahi h,"{""review_id"": ""47780a035ab9227c5c60"", ""source"": ""play_store""}"
79b3e1985d05fafd09b3,The Product of this shopping brand is too good,"{""review_id"": ""79b3e1985d05fafd09b3"", ""source"": ""play_store""}"
68ecf27fa13505665dc7,very nice 👍🏻 service,"{""review_id"": ""68ecf27fa13505665dc7"", ""source"": ""play_store""}"
4c92cfd955abd29122bf,Awesome deal always,"{""review_id"": ""4c92cfd955abd29122bf"", ""source"": ""play_store""}"
7d2f2769518e2232b177,Worst Shopping Experience with first order. After review I am removing the app. There is no return on order. Pure fraud.,"{""review_id"": ""7d2f2769518e2232b177"", ""source"": ""play_store""}"
2a2b8b2b3d396fbcff56,experience is good with myntra always,"{""review_id"": ""2a2b8b2b3d396fbcff56"", ""source"": ""play_store""}"
a806b8fa8b24e38587be,great service,"{""review_id"": ""a806b8fa8b24e38587be"", ""source"": ""play_store""}"
3cbc71ca9f002529749b,A very affordable app for online shopping..,"{""review_id"": ""3cbc71ca9f002529749b"", ""source"": ""play_store""}"
6fd747fd2b13b441138a,Very disappointed with Myntra. They deducted my money even though the delay was from their side. Product not delivered on time and poor customer support Unacceptable! Myntra delayed delivery but still cut the platform fee. This is unethical — refund the entire amount or I will report to consumer court,"{""review_id"": ""6fd747fd2b13b441138a"", ""source"": ""play_store""}"
989719dec9ebfdb87c47,All products are good in this App,"{""review_id"": ""989719dec9ebfdb87c47"", ""source"": ""play_store""}"
026a7de69f2cd071dd07,good product with decent discounts,"{""review_id"": ""026a7de69f2cd071dd07"", ""source"": ""play_store""}"
75dfd8639b8c68d4b088,nice and good app fast and good service,"{""review_id"": ""75dfd8639b8c68d4b088"", ""source"": ""play_store""}"
49adf72cde13284d41fa,very easy to use and clothes quality is really good,"{""review_id"": ""49adf72cde13284d41fa"", ""source"": ""play_store""}"
6582578baf605267e349,great app i just loving it,"{""review_id"": ""6582578baf605267e349"", ""source"": ""play_store""}"
d581d9cee1cff177532b,good product and good .money's,"{""review_id"": ""d581d9cee1cff177532b"", ""source"": ""play_store""}"
da5badc94d0572833859,good shopping app,"{""review_id"": ""da5badc94d0572833859"", ""source"": ""play_store""}"
64dc9c7d96f10deecfdf,Excillent app❣️,"{""review_id"": ""64dc9c7d96f10deecfdf"", ""source"": ""play_store""}"
8464853d21715f95385e,nice pant very nice design so pretty ❤️,"{""review_id"": ""8464853d21715f95385e"", ""source"": ""play_store""}"
eb9060800ef2bf18ff0b,"dear myntra company it's 2nd time I am not received my order on time why can you answer? dear myntra company your delivery partner was so much stupid they did not receive the call & If suddenly there is no one there, immediately cancel or postponed the call and then do not pick up the call again. I have not received my order in the last 4 days because of you (myntra Fashion shopping app)","{""review_id"": ""eb9060800ef2bf18ff0b"", ""source"": ""play_store""}"
f230bafd8be5ecb9c27c,very nice place,"{""review_id"": ""f230bafd8be5ecb9c27c"", ""source"": ""play_store""}"
6894e46ee989d6f591c4,the option for spinning and getting myncash is not available for everyone overall a decent aap for fashion,"{""review_id"": ""6894e46ee989d6f591c4"", ""source"": ""play_store""}"
6c70a9b5d24838c3e8f0,one of the best app for shopping,"{""review_id"": ""6c70a9b5d24838c3e8f0"", ""source"": ""play_store""}"
a4e57060301746dc7538,"very good product,as per my expectations and delivered on time","{""review_id"": ""a4e57060301746dc7538"", ""source"": ""play_store""}"
686cedcfaa8c23f40d39,Myntrapps are very good apping full,"{""review_id"": ""686cedcfaa8c23f40d39"", ""source"": ""play_store""}"
dc9a169afcdf47b86df1,l like the price game and offers .it's unique from other shopping sites,"{""review_id"": ""dc9a169afcdf47b86df1"", ""source"": ""play_store""}"
5bced90c97e9ddac0efa,cheap and best no other like this,"{""review_id"": ""5bced90c97e9ddac0efa"", ""source"": ""play_store""}"
b45e2aa30258c764ca53,good Quality of clothes and branded,"{""review_id"": ""b45e2aa30258c764ca53"", ""source"": ""play_store""}"
902fee51efb77d0bbdfb,"I'm really really thankful for their product delivery on time,best packing, working products and many things....... order now for best quality brands","{""review_id"": ""902fee51efb77d0bbdfb"", ""source"": ""play_store""}"
5ec9224acf262c365893,loved it 😻 😍 best shopping App,"{""review_id"": ""5ec9224acf262c365893"", ""source"": ""play_store""}"
14874d2bd8e473972e77,very nice 👍,"{""review_id"": ""14874d2bd8e473972e77"", ""source"": ""play_store""}"
e2e68b81d9ddd1699ddf,most trusted and reliable brands available here,"{""review_id"": ""e2e68b81d9ddd1699ddf"", ""source"": ""play_store""}"
33085b4235b3e832ea3b,"Myntra done fraud with me. Their delivery system is worst. I haven't received a product, but it has marked as delivered. Worst experience with Myntra.","{""review_id"": ""33085b4235b3e832ea3b"", ""source"": ""play_store""}"
945a1718c2212365ef8a,good app is is,"{""review_id"": ""945a1718c2212365ef8a"", ""source"": ""play_store""}"
79bd68abb3b582950de7,this aap is better than other app,"{""review_id"": ""79bd68abb3b582950de7"", ""source"": ""play_store""}"
2367f1b6cfc767643b6f,happy customer always,"{""review_id"": ""2367f1b6cfc767643b6f"", ""source"": ""play_store""}"
5bc6b115b6b772e0c1e0,very nice nd comfortable 👌 products,"{""review_id"": ""5bc6b115b6b772e0c1e0"", ""source"": ""play_store""}"
6fc7b58d93694d849ed0,I find variety of dresses of my size 7XL only on Myntra Great design and good quality of Fabric 👍💐,"{""review_id"": ""6fc7b58d93694d849ed0"", ""source"": ""play_store""}"
4020702d897012adecff,Nice app and branded products are there which are very beautiful ❤️,"{""review_id"": ""4020702d897012adecff"", ""source"": ""play_store""}"
720a6b5f97ec8cbd76e3,very good soft comfortable material,"{""review_id"": ""720a6b5f97ec8cbd76e3"", ""source"": ""play_store""}"
00bcfe0ae93a7d1783f5,it's so helpful and so good 👍🏻,"{""review_id"": ""00bcfe0ae93a7d1783f5"", ""source"": ""play_store""}"
2d1757dc5e89d6a08344,"I love to shop with myntra ,the product are genuine and quality is up to mark","{""review_id"": ""2d1757dc5e89d6a08344"", ""source"": ""play_store""}"
b02db852093dfc1e3fa0,"I don't know about others but the last item I ordered I had put the wrong address. So I instantly cancelled it, it was upi payment and it's been 10-12 days the are still not refunding it. The customer care just used to say we have done the refund while I didn't get any. Further the ask me to go to sbi branch. 😞","{""review_id"": ""b02db852093dfc1e3fa0"", ""source"": ""play_store""}"
f08853be4823f93c6a25,It's the best trustworthy shopping site.,"{""review_id"": ""f08853be4823f93c6a25"", ""source"": ""play_store""}"
3c5bc8a740b5fc270c85,"myntra are really ripping people off; I bought an item for ₹591, but the refund I received was only ₹558","{""review_id"": ""3c5bc8a740b5fc270c85"", ""source"": ""play_store""}"
ef77b9f2559f07f97edb,I love shopping bt this aap. gives more option . good shopping experience. ❤️,"{""review_id"": ""ef77b9f2559f07f97edb"", ""source"": ""play_store""}"
2b519be0e5f4c3f2788b,"i have problem with my rewards section im not getting anything , from last three days whyy,my account is having glitch","{""review_id"": ""2b519be0e5f4c3f2788b"", ""source"": ""play_store""}"
d42c9d016116d229ccfb,The description of the fabric is totally wrong,"{""review_id"": ""d42c9d016116d229ccfb"", ""source"": ""play_store""}"
be8d7e0439fef2c75c83,best for dresses .,"{""review_id"": ""be8d7e0439fef2c75c83"", ""source"": ""play_store""}"
d6e3d52e2cd16aa84d47,perfect place for shopping,"{""review_id"": ""d6e3d52e2cd16aa84d47"", ""source"": ""play_store""}"
f9c91cd845a2d7412381,Very Nice Ji I Really like it Apps,"{""review_id"": ""f9c91cd845a2d7412381"", ""source"": ""play_store""}"
7ccd871183243d8f3ca8,good work for myntra,"{""review_id"": ""7ccd871183243d8f3ca8"", ""source"": ""play_store""}"
733cce4eefb1a7ef8c97,Good Experience,"{""review_id"": ""733cce4eefb1a7ef8c97"", ""source"": ""play_store""}"
8d55e1ddb00230fa006a,Products are original with reasonable rates.,"{""review_id"": ""8d55e1ddb00230fa006a"", ""source"": ""play_store""}"
3b42f8d2f93fdd917c98,very nice and branded quality,"{""review_id"": ""3b42f8d2f93fdd917c98"", ""source"": ""play_store""}"
2ea7000d1d6116cb6b09,worst ever. delivered my product somewhere else and not refunding my. money I am tired of calling everyday as I never recived the product. customer service is worst. never ordering again and deleting the app straight away. myntra refund my money or get me my product.,"{""review_id"": ""2ea7000d1d6116cb6b09"", ""source"": ""play_store""}"
fd8147b4201579d4f79e,"superb fashion shopping app. on time delivery, genunie products and customer friendly..","{""review_id"": ""fd8147b4201579d4f79e"", ""source"": ""play_store""}"
0175429132900aa7e49d,they deliver good quality products but the only flaw is too much dynamic pricing,"{""review_id"": ""0175429132900aa7e49d"", ""source"": ""play_store""}"
0ec1b4c96dc581ecdc01,Amazing aap,"{""review_id"": ""0ec1b4c96dc581ecdc01"", ""source"": ""play_store""}"
71725dfff81ccdcd0337,platform fee to expensive,"{""review_id"": ""71725dfff81ccdcd0337"", ""source"": ""play_store""}"
43b87a8ea6f745eb3402,"light weight,,beautiful light colour for fair colour girls,ladies,,less expensive,,very happy to buy..thanks myntra,,thanks blue heaven","{""review_id"": ""43b87a8ea6f745eb3402"", ""source"": ""play_store""}"
6f5db2e5aa938ab48cea,i this good appa to buy anything 👍🏻,"{""review_id"": ""6f5db2e5aa938ab48cea"", ""source"": ""play_store""}"
a8ae1f8e2781f130385f,I always happy with Myntra.,"{""review_id"": ""a8ae1f8e2781f130385f"", ""source"": ""play_store""}"
27481ef2b3fd2c81bd9d,jenuine products,"{""review_id"": ""27481ef2b3fd2c81bd9d"", ""source"": ""play_store""}"
8730e20c1b94e3693552,"Absolutely terrible delivery service and customer support. Ordered to my office address, but by 6 PM there was no delivery. Called the delivery agent 11 times—he attended the call but never spoke. Customer support told me to wait until 9 PM, ask office security to collect my package, and admitted Myntra has no control over their delivery partners. To make matters worse, a senior support manager rudely disconnected the call instead of resolving the issue.My office closes at 5 PM.#ridiculousmyntra","{""review_id"": ""8730e20c1b94e3693552"", ""source"": ""play_store""}"
0f42da69bd23c0283d7e,no latka jhatka.. only best shoping. 🤣🤣🤣,"{""review_id"": ""0f42da69bd23c0283d7e"", ""source"": ""play_store""}"
1eaf1ab43c0bdbc6178f,Good for shopping,"{""review_id"": ""1eaf1ab43c0bdbc6178f"", ""source"": ""play_store""}"
0bfc28c88be215e1a4fb,"Getting worse day by day, from the last few months delivering used clothes.","{""review_id"": ""0bfc28c88be215e1a4fb"", ""source"": ""play_store""}"
2b6a8404663808f30a1b,seems like myntra is in no mood to deliver customer service but just exist... delivering all used clothes plus stinky...n old too...may be giving hints not to shop with u again,"{""review_id"": ""2b6a8404663808f30a1b"", ""source"": ""play_store""}"
279fd85c340973268117,very nice 👍🏻👍🏻,"{""review_id"": ""279fd85c340973268117"", ""source"": ""play_store""}"
e770595a77a256709322,superb quality,"{""review_id"": ""e770595a77a256709322"", ""source"": ""play_store""}"
c2ac11cb212065fae32d,best quality,"{""review_id"": ""c2ac11cb212065fae32d"", ""source"": ""play_store""}"
08147e550a79c48abc00,so helpful,"{""review_id"": ""08147e550a79c48abc00"", ""source"": ""play_store""}"
6cc8f4d462ffa7173a04,Fast delivery but delivery partner is so rude,"{""review_id"": ""6cc8f4d462ffa7173a04"", ""source"": ""play_store""}"
f80d0440a19b48c9d805,"the products are amazing on it ., having a great experience of shopping with it","{""review_id"": ""f80d0440a19b48c9d805"", ""source"": ""play_store""}"
9f82687b2b145d6f40e7,"Myntra ""best app for shopping"" Reasonable price.","{""review_id"": ""9f82687b2b145d6f40e7"", ""source"": ""play_store""}"
937f1dbdf38f6561a3d8,good app with reasonable price and good products 👌,"{""review_id"": ""937f1dbdf38f6561a3d8"", ""source"": ""play_store""}"
08b75361d96112f78542,Product match the Description and Images. Perfect place to Buy Online Products,"{""review_id"": ""08b75361d96112f78542"", ""source"": ""play_store""}"
4b1a2237fbefc4dbdc66,nic quality,"{""review_id"": ""4b1a2237fbefc4dbdc66"", ""source"": ""play_store""}"
c20f912bb4d6a852325d,nice product 💖💖,"{""review_id"": ""c20f912bb4d6a852325d"", ""source"": ""play_store""}"
2464f5fd78783c46cf2c,trusted shopping aap or very helpful in emergencies also ....,"{""review_id"": ""2464f5fd78783c46cf2c"", ""source"": ""play_store""}"
d54c4a69665056fc9a39,It was amazing and worth the cost and a very comfortable sandal.Only thing I had ordered 38 size and i received 37 but the best part is it fits me perfectly.Would suggest to buy one size smaller.,"{""review_id"": ""d54c4a69665056fc9a39"", ""source"": ""play_store""}"
dadec10201f54763e001,app works flawlessly! Now offline shopping is waste of time and money!,"{""review_id"": ""dadec10201f54763e001"", ""source"": ""play_store""}"
ef1399f3eac1637850c2,nice product nice service,"{""review_id"": ""ef1399f3eac1637850c2"", ""source"": ""play_store""}"
d57088a7e6ce0954b755,"Your delivery service is always late."" ""Your delivery agents always arrive late."" ""Why do your people deliver thing","{""review_id"": ""d57088a7e6ce0954b755"", ""source"": ""play_store""}"
43fd76123ca7245df7ca,Myntra fashion most most branded app and on of the best app,"{""review_id"": ""43fd76123ca7245df7ca"", ""source"": ""play_store""}"
49d030c6b0f6ed8ff757,nice order myntra,"{""review_id"": ""49d030c6b0f6ed8ff757"", ""source"": ""play_store""}"
cb7bfcc869b9ec0c6914,trusted app with genuine products,"{""review_id"": ""cb7bfcc869b9ec0c6914"", ""source"": ""play_store""}"
97bb84d31087d24a204e,good app and punctual timing app,"{""review_id"": ""97bb84d31087d24a204e"", ""source"": ""play_store""}"
e06013c1f67b44ef1c3d,its a great app i like this app too much,"{""review_id"": ""e06013c1f67b44ef1c3d"", ""source"": ""play_store""}"
639d248cd569e5f5d8a7,A trustworthy app.,"{""review_id"": ""639d248cd569e5f5d8a7"", ""source"": ""play_store""}"
640887227536e8ee7d50,very easy and product is very good quality 🙂,"{""review_id"": ""640887227536e8ee7d50"", ""source"": ""play_store""}"
20613b2d00bc32731089,wow what a shoping master app in the world daily offer,"{""review_id"": ""20613b2d00bc32731089"", ""source"": ""play_store""}"
210c84d598e19fa3c5ec,very good app and fast delivery,"{""review_id"": ""210c84d598e19fa3c5ec"", ""source"": ""play_store""}"
c7ec257003984a6f745a,nice products,"{""review_id"": ""c7ec257003984a6f745a"", ""source"": ""play_store""}"
6934460e2579c121f660,nice product and fit,"{""review_id"": ""6934460e2579c121f660"", ""source"": ""play_store""}"
b29ee66eb9557335a01e,Nice experience,"{""review_id"": ""b29ee66eb9557335a01e"", ""source"": ""play_store""}"
87a7322cb06a81b88507,emmaculate experience,"{""review_id"": ""87a7322cb06a81b88507"", ""source"": ""play_store""}"
1e2d267ecf3f9dff5a87,good experience. the best thing is ...they don't lag on products which we want to return ...they will pick the product just after the next day of return has placed ... best experience. try this application... you will love it 💕💖💓🎊🎈 Happy shopping shop more ...🎉 enjoy 🛍️ shopping... thank you Myntra ...🌼,"{""review_id"": ""1e2d267ecf3f9dff5a87"", ""source"": ""play_store""}"
54982ba0e26fcb10476c,it's quality is good and etc,"{""review_id"": ""54982ba0e26fcb10476c"", ""source"": ""play_store""}"
94e58d3c3533661e0cc8,awesome 👍🏻,"{""review_id"": ""94e58d3c3533661e0cc8"", ""source"": ""play_store""}"
afa9197f34df109698eb,Nice service 🥳🎁🥰,"{""review_id"": ""afa9197f34df109698eb"", ""source"": ""play_store""}"
25beaa536490c4f82e63,very good app for shopping,"{""review_id"": ""25beaa536490c4f82e63"", ""source"": ""play_store""}"
33f75c8f50f6b5ca4345,wonderful experience,"{""review_id"": ""33f75c8f50f6b5ca4345"", ""source"": ""play_store""}"
a743decfaff1aa0735cb,"very nice, easy to use","{""review_id"": ""a743decfaff1aa0735cb"", ""source"": ""play_store""}"
ef93f077871edd312513,a great app really nice products.,"{""review_id"": ""ef93f077871edd312513"", ""source"": ""play_store""}"
a58a3851d9fcd967de28,From the last 10 years I'm buying products from Myntra and literally I want to admit that buying the latest and genuine clothes myntra is best.,"{""review_id"": ""a58a3851d9fcd967de28"", ""source"": ""play_store""}"
b5d77a1b9a4ccd907e88,One of the best online shopping app Products has amazing 😍,"{""review_id"": ""b5d77a1b9a4ccd907e88"", ""source"": ""play_store""}"
bcd8643c23a8d982bbcf,myntra app is really excellent for shopping for men and women. The products are genuine and original. delivery happens on time or before time.,"{""review_id"": ""bcd8643c23a8d982bbcf"", ""source"": ""play_store""}"
cc22285d011ba269304c,"this App have the best designs and money worthy products and quality is too good, amd trustworthy products.","{""review_id"": ""cc22285d011ba269304c"", ""source"": ""play_store""}"
9963866361e07fe3389a,product it's good Quality,"{""review_id"": ""9963866361e07fe3389a"", ""source"": ""play_store""}"
920271ebbd1304c4a4d0,very nice booking experience,"{""review_id"": ""920271ebbd1304c4a4d0"", ""source"": ""play_store""}"
ae908981a38eac1fe544,"Good or bad product, it depends on the seller but right now it is ok.","{""review_id"": ""ae908981a38eac1fe544"", ""source"": ""play_store""}"
6f6a8ff9419a5b5c14ff,Very good collection,"{""review_id"": ""6f6a8ff9419a5b5c14ff"", ""source"": ""play_store""}"
28411386f465ac8874f2,This I don't like this app because it is not good what I have think and all over it is dilivery I s also not good sorry for this Myntra app but really more people are not agree for this but it is good for only studio watch because you can learn how you can fashion your self as a model but I have not recieved this Myntra any product . Not only Myntra all app are not working properly . My experience says that you have to download Myntra for what I will don't say first download the app is it hlpfl,"{""review_id"": ""28411386f465ac8874f2"", ""source"": ""play_store""}"
2aa6af9876862ac5e6b3,do not buy clothes in Myntra size is not showing on clothes they deliver local clothes.... please don't buy on Myntra..no return...it's choor app,"{""review_id"": ""2aa6af9876862ac5e6b3"", ""source"": ""play_store""}"
a84e6333c470535caf34,Nice app for shopping.,"{""review_id"": ""a84e6333c470535caf34"", ""source"": ""play_store""}"
3a261fc03b84c88b8401,Brilliant 😊,"{""review_id"": ""3a261fc03b84c88b8401"", ""source"": ""play_store""}"
7259d9bc76fb6fa816d1,really having nice products with more product and shop options. with more offers.,"{""review_id"": ""7259d9bc76fb6fa816d1"", ""source"": ""play_store""}"
f7b4d8e1855177b2f9cf,extremely nice,"{""review_id"": ""f7b4d8e1855177b2f9cf"", ""source"": ""play_store""}"
643e32ea96d9e84bddae,in my opinion myntra is that platform which aware people with latest and trending fesion.,"{""review_id"": ""643e32ea96d9e84bddae"", ""source"": ""play_store""}"
79d596ca74be520bccdc,good service with genuine products,"{""review_id"": ""79d596ca74be520bccdc"", ""source"": ""play_store""}"
8b9dd55a4df947205d69,"Nice app! I always receive genuine products, and the quality is excellent. Delivery is on time, and the shopping experience is smooth. Highly recommended for online shopping. Keep up the good work!","{""review_id"": ""8b9dd55a4df947205d69"", ""source"": ""play_store""}"
22bd48515eb33efbbd5d,product quality worth it hoti h ....,"{""review_id"": ""22bd48515eb33efbbd5d"", ""source"": ""play_store""}"
10a28a75d940c1e63c58,Nice app and good returns and exchanges policy but platform charge is more,"{""review_id"": ""10a28a75d940c1e63c58"", ""source"": ""play_store""}"
6289134fb85ba7a675f3,"2:53 × myntra India Shop, Pay,... Rate this app Post Vasima Shaikh The Myntra app is an excellent platform for online shopping; you can easily find all kinds of products here, and there are constantly various offers available. It consistently delights customers. Furthermore, their delivery personnel deliver items right to your doorstep in a very professional manner, ensuring a hassle-free experience. All products on Myntra are genuine","{""review_id"": ""6289134fb85ba7a675f3"", ""source"": ""play_store""}"
923845a55ee9c71eb247,v good it have good quality product,"{""review_id"": ""923845a55ee9c71eb247"", ""source"": ""play_store""}"
27024ee04901fba4038a,Awesome experience with Myntra. Good quality & reasonable prices is usp of this app,"{""review_id"": ""27024ee04901fba4038a"", ""source"": ""play_store""}"
d01592e85809fdef2a5d,"""Very disappointing experience. I cancelled my order immediately, but I still haven't received my ₹647 refund. It's been many days, and despite contacting support and the bank, the refund has not been credited. Please resolve this issue as soon as possible. poor service 😞","{""review_id"": ""d01592e85809fdef2a5d"", ""source"": ""play_store""}"
e73fcc9f8fe8ebb3be79,"very bad experience, most of the time my order is cancelled after reaching my homecity . never going to use this again . everyone is facing the same problem","{""review_id"": ""e73fcc9f8fe8ebb3be79"", ""source"": ""play_store""}"
860886d64fe29b382262,fantabulous,"{""review_id"": ""860886d64fe29b382262"", ""source"": ""play_store""}"
61d24972ee39f2fbdc3b,fast delivery good,"{""review_id"": ""61d24972ee39f2fbdc3b"", ""source"": ""play_store""}"
bb582ec5a1c9ce41a5d3,"while returning the product all amounts are not credited to the bank account,some are created to account and some are to Myntra cash. If the amount is being returned to Myntra cash then why is the amount being expired for? Why doesn't it stay in the wallet for further use. On the other hand, why are all the cash rewards that are being Earned Expired? This step of myntra is so disappointing.","{""review_id"": ""bb582ec5a1c9ce41a5d3"", ""source"": ""play_store""}"
7369887e0f127adb3375,best app for women and children,"{""review_id"": ""7369887e0f127adb3375"", ""source"": ""play_store""}"
32c2fcb667f4efcbf2d4,amazing app... product is amazing...wow,"{""review_id"": ""32c2fcb667f4efcbf2d4"", ""source"": ""play_store""}"
dc1250d87c0cdfb8e6ad,it's was good,"{""review_id"": ""dc1250d87c0cdfb8e6ad"", ""source"": ""play_store""}"
560ed4aa33252f10cc26,well done shoping,"{""review_id"": ""560ed4aa33252f10cc26"", ""source"": ""play_store""}"
be7e08c4f4dd0c8beb8d,Myntra is best service and quality provider of real brand products,"{""review_id"": ""be7e08c4f4dd0c8beb8d"", ""source"": ""play_store""}"
eb9536ae3575db661a79,waste of time and money to order in this app...... ordered one product and for delivery was expected 21july 2026 but till date its not delivered......don't buy product from myntra guys........try Ajio or other apps.....not recommended......highly overhyped app,"{""review_id"": ""eb9536ae3575db661a79"", ""source"": ""play_store""}"
543a832fd5e40f8566b1,why would you send notifications at 1AM daily? I took revenge by disabling the notifications 😂,"{""review_id"": ""543a832fd5e40f8566b1"", ""source"": ""play_store""}"
3b8e47c083e850b09b70,reasonable price in all brands nice .,"{""review_id"": ""3b8e47c083e850b09b70"", ""source"": ""play_store""}"
6a99baff0a0df7020e8c,easy to shoping and but delivery is getting delayed,"{""review_id"": ""6a99baff0a0df7020e8c"", ""source"": ""play_store""}"
fd393af14188ba239a65,very bad experience of my first order they have not delivered my order,"{""review_id"": ""fd393af14188ba239a65"", ""source"": ""play_store""}"
732ef60b51338a3af84f,"Best app for online shopping offeredable prices attractive collections, best quality products all brands available with discounts.","{""review_id"": ""732ef60b51338a3af84f"", ""source"": ""play_store""}"
089a287bc7b238313cc9,if you are from rural areas don't use Myntra Most products are not deliverable I recently talked to customer care they said delivery options are dependent on sellers this is how they treat us thanks myntra for your garbage support,"{""review_id"": ""089a287bc7b238313cc9"", ""source"": ""play_store""}"
882c884b2233828f360d,Pathetic Return policy. Never going to buy anything from myntra. After keeping waiting for 8 days for pickup of item. they cancelled and denied pickup bcoz they dont have people to pick it up. thrn why are you giving return option while selling the material. we can go elsewhere for that.,"{""review_id"": ""882c884b2233828f360d"", ""source"": ""play_store""}"
62dce3af10f6703ce2cb,many great offers with perfect delivery experience luv this app so muchhhh,"{""review_id"": ""62dce3af10f6703ce2cb"", ""source"": ""play_store""}"
fcbac67fe8ee83d8e4b4,excellent quality products,"{""review_id"": ""fcbac67fe8ee83d8e4b4"", ""source"": ""play_store""}"
208f4a4575d96eb61bf8,"A truly terrible app to make matters worse, their delivery agent is even worse. They always fail to deliver the product on time but mark it as delivered anyway. It seems the delivery agent is just a thief looking to pocket the money","{""review_id"": ""208f4a4575d96eb61bf8"", ""source"": ""play_store""}"
be712a0c785bcee7cd1c,👍🏻very good❣,"{""review_id"": ""be712a0c785bcee7cd1c"", ""source"": ""play_store""}"
df85f9769e00491e5d70,Best return policy. action taken immediately and credited amt in account.,"{""review_id"": ""df85f9769e00491e5d70"", ""source"": ""play_store""}"
5d3b9379349cf018071b,we get good product from here,"{""review_id"": ""5d3b9379349cf018071b"", ""source"": ""play_store""}"
fc8261c190abc91f4428,best experience,"{""review_id"": ""fc8261c190abc91f4428"", ""source"": ""play_store""}"
ca906fc8bd3eb389cdcf,"Simple to connect with customer service, easy to navigate the app. I use various apps like Amazon, Flipkart, etc., but I find this app to be the easiest, smoothest, and best among them.❤️","{""review_id"": ""ca906fc8bd3eb389cdcf"", ""source"": ""play_store""}"
5d7e40cd9623fe11f4e6,happy wid myntra♥️♥️,"{""review_id"": ""5d7e40cd9623fe11f4e6"", ""source"": ""play_store""}"
95845e4a08fe5b0b0776,good deals,"{""review_id"": ""95845e4a08fe5b0b0776"", ""source"": ""play_store""}"
5845dfae6d9070c00e9f,item and delivery was very good,"{""review_id"": ""5845dfae6d9070c00e9f"", ""source"": ""play_store""}"
d2d8b0ee6d3e6f69deda,Worth Purchase,"{""review_id"": ""d2d8b0ee6d3e6f69deda"", ""source"": ""play_store""}"
f395fca8e7022841e2bb,it was good 👍..myntra is trusted one ..,"{""review_id"": ""f395fca8e7022841e2bb"", ""source"": ""play_store""}"
8858a1035da698c12398,I have totally obsessed with myntra products,"{""review_id"": ""8858a1035da698c12398"", ""source"": ""play_store""}"
8627e4843023ab38ef73,nice shopping app,"{""review_id"": ""8627e4843023ab38ef73"", ""source"": ""play_store""}"
b103837439029df96fd9,genuine products,"{""review_id"": ""b103837439029df96fd9"", ""source"": ""play_store""}"
95ff03be631ef83ab109,best for shopping,"{""review_id"": ""95ff03be631ef83ab109"", ""source"": ""play_store""}"
7f84936c3c66fa4eaa8e,verry nice. good quality.,"{""review_id"": ""7f84936c3c66fa4eaa8e"", ""source"": ""play_store""}"
aec20235e8915ed12c9d,I love myntra,"{""review_id"": ""aec20235e8915ed12c9d"", ""source"": ""play_store""}"
0e7886af59c806fe5675,maine buds order Kiya lekin box empty tha lein myntra wala bol rha hai ki humari taraf sa to product tha ab meri glti hai mera pe video hai or image bhi to bhi nhi man rha,"{""review_id"": ""0e7886af59c806fe5675"", ""source"": ""play_store""}"
18dd155774144dbfab58,bad experience for delivery... 3rd class service provides... every time commitment time product not delivered on Myntra,"{""review_id"": ""18dd155774144dbfab58"", ""source"": ""play_store""}"
0aa21c0605ea4e3ff4ca,Great quality & smooth delivery,"{""review_id"": ""0aa21c0605ea4e3ff4ca"", ""source"": ""play_store""}"
319a4f4f062f22019ec4,number one myntra no risk..undoubtedly purchased continously...without hasitate,"{""review_id"": ""319a4f4f062f22019ec4"", ""source"": ""play_store""}"
aba90b9a6703b85fcfe6,"Amazing app for shopping app catagory citizens... Best brands with best affordable prizes,i love Myntra.","{""review_id"": ""aba90b9a6703b85fcfe6"", ""source"": ""play_store""}"
07d2243f8fb5af7452ae,User friendly interface and good discount given.,"{""review_id"": ""07d2243f8fb5af7452ae"", ""source"": ""play_store""}"
b8db10b07c6bc7b86989,"They do not provide quick customer support, and they don't accept product exchanges.""","{""review_id"": ""b8db10b07c6bc7b86989"", ""source"": ""play_store""}"
6bcb437152bfa689f138,most beneficial app,"{""review_id"": ""6bcb437152bfa689f138"", ""source"": ""play_store""}"
15ead4d2e2001bd2fee0,the customer service is so so bad.....they don't reply and if they do they reply late .. don't give any solution...and say you are occupied so we are ending the conversation..,"{""review_id"": ""15ead4d2e2001bd2fee0"", ""source"": ""play_store""}"
35702ceeae23f49b253e,good platform,"{""review_id"": ""35702ceeae23f49b253e"", ""source"": ""play_store""}"
a478a42519f6432418b4,Amazing superb 👌👌👌,"{""review_id"": ""a478a42519f6432418b4"", ""source"": ""play_store""}"
5aab127159a2633e06aa,I need more offers and coupons,"{""review_id"": ""5aab127159a2633e06aa"", ""source"": ""play_store""}"
e362730e51a069946561,"don't use this app waste of money, they send different brand items and when you try to return they won't accept saying ""the delivered product was correct""!. disgusting","{""review_id"": ""e362730e51a069946561"", ""source"": ""play_store""}"
eb62b36277697a6b6a97,"Very worst app and delivery service. I ordered a product that was not delivered or canceled. Every morning, they cancel the order after 11 o'clock, saying it's out for delivery, and then it fails at night. This has been happening for a few days with one order. Customer care says they resolve issues within 24 hours, but there's no response. Very worst service.","{""review_id"": ""eb62b36277697a6b6a97"", ""source"": ""play_store""}"
cd3aa946004a0014ff14,very very poor services,"{""review_id"": ""cd3aa946004a0014ff14"", ""source"": ""play_store""}"
48a012b59d851ad8296a,myntra one of my best shoping app,"{""review_id"": ""48a012b59d851ad8296a"", ""source"": ""play_store""}"
1734a6002944a5bbbef0,really good,"{""review_id"": ""1734a6002944a5bbbef0"", ""source"": ""play_store""}"
16f672c0beefee3914c4,awesome app,"{""review_id"": ""16f672c0beefee3914c4"", ""source"": ""play_store""}"
882352257ac2a3ab2255,no option to close the issue after raising if solved from user end. developers are just fooling around,"{""review_id"": ""882352257ac2a3ab2255"", ""source"": ""play_store""}"
6d22c86356a1c0a4f4e4,"ORIGINAL COLOUR PLUS TROUSERS. SUPER MYNTRA. WORTHY, PRICE. HATS OFF MYNTRA.","{""review_id"": ""6d22c86356a1c0a4f4e4"", ""source"": ""play_store""}"
a9e43a0e11a74ec9ebbb,every time l shop myntra my experience great thanks myntra,"{""review_id"": ""a9e43a0e11a74ec9ebbb"", ""source"": ""play_store""}"
16349aed082cea5ca705,fantastic products and great quality. I loved it,"{""review_id"": ""16349aed082cea5ca705"", ""source"": ""play_store""}"
c746640a396f85807a87,BestQuality products.,"{""review_id"": ""c746640a396f85807a87"", ""source"": ""play_store""}"
900d471e13b512f16057,this one app only original products,"{""review_id"": ""900d471e13b512f16057"", ""source"": ""play_store""}"
5d62b33eb46567391a6f,nice fast delivery super mind blowing,"{""review_id"": ""5d62b33eb46567391a6f"", ""source"": ""play_store""}"
0503bdecf8f09e0824a3,best & original,"{""review_id"": ""0503bdecf8f09e0824a3"", ""source"": ""play_store""}"
af0350d81f121c915ac5,Best app quality 👌,"{""review_id"": ""af0350d81f121c915ac5"", ""source"": ""play_store""}"
3fcf073aacebb472018e,easy to purchase any product.,"{""review_id"": ""3fcf073aacebb472018e"", ""source"": ""play_store""}"
fa5df4ef7167452d4ac0,awesome Discounts 😃,"{""review_id"": ""fa5df4ef7167452d4ac0"", ""source"": ""play_store""}"
4769313ed9e0f3c3dd63,amazing app for online order perfect plzzzz use thiss app,"{""review_id"": ""4769313ed9e0f3c3dd63"", ""source"": ""play_store""}"
7e1f4476fc399b38dd03,very trusted app,"{""review_id"": ""7e1f4476fc399b38dd03"", ""source"": ""play_store""}"
2f4e59cb784f1b5b70a8,good shopping experience,"{""review_id"": ""2f4e59cb784f1b5b70a8"", ""source"": ""play_store""}"
1f0dd39f3b1d707b2377,quality of product is good,"{""review_id"": ""1f0dd39f3b1d707b2377"", ""source"": ""play_store""}"
5630828eff743daee6bb,super experience,"{""review_id"": ""5630828eff743daee6bb"", ""source"": ""play_store""}"
7c4404a0055aa7ff102d,mind blowing purchase awesome,"{""review_id"": ""7c4404a0055aa7ff102d"", ""source"": ""play_store""}"
8fb9bad4ccd7b008d0c2,good products and good packing,"{""review_id"": ""8fb9bad4ccd7b008d0c2"", ""source"": ""play_store""}"
e8bedc4d1ae7600ba3ee,very good platform for shooping in housewife jo gher se bahr nhi jaa skti,"{""review_id"": ""e8bedc4d1ae7600ba3ee"", ""source"": ""play_store""}"
d86247705c38f0c4004c,"Very worst experience with Myntra. My order was delivered, but the app incorrectly shows ""Delivery Failed,"" so I cannot return the product. I have been raising complaints since 13 July and have shared the invoice and product photos as requested. Despite repeated calls and emails, customer support only keeps saying ""wait 24–48 hours."" It has been over 17 days with no resolution. I just want my return processed and my refund issued. but don't know when they Will give my return","{""review_id"": ""d86247705c38f0c4004c"", ""source"": ""play_store""}"
b9c905b8bf4cc5544600,"didn't pay first , only pay after goods recieved","{""review_id"": ""b9c905b8bf4cc5544600"", ""source"": ""play_store""}"
8b9e05ea41d39e102a95,best service,"{""review_id"": ""8b9e05ea41d39e102a95"", ""source"": ""play_store""}"
c24459092019b67354e8,fast delivery great 👍,"{""review_id"": ""c24459092019b67354e8"", ""source"": ""play_store""}"
8e3e472e4a71e2d9c210,this is my first time i ordered the product from myntra it is very good and it was amazing experience,"{""review_id"": ""8e3e472e4a71e2d9c210"", ""source"": ""play_store""}"
7d7f4d965a2a55ea226a,I am very much satisfied with the service given by Myntra. Thank you 😊,"{""review_id"": ""7d7f4d965a2a55ea226a"", ""source"": ""play_store""}"
28554327e007523b7099,"Myntra is one of the worst online shopping apps I have ever used. The M-Now delivery service is extremely disappointing. Instead of delivering orders on time, they keep canceling them, causing inconvenience to customers. It feels like they are more interested in collecting customers' money than providing reliable service. This has happened repeatedly, and the overall shopping experience has been very frustrating. I would not recommend this service unless they improve their delivery process.","{""review_id"": ""28554327e007523b7099"", ""source"": ""play_store""}"
ed6b59f24f92aba50018,"Everything is good ✨, but the one thing that I liked the most is their delivery. I mean if I ordered something today, I will definitely going to receive my order tomorrow or the day after tomorrow.","{""review_id"": ""ed6b59f24f92aba50018"", ""source"": ""play_store""}"
c92af397ffa1d15b7b43,easy shopping...,"{""review_id"": ""c92af397ffa1d15b7b43"", ""source"": ""play_store""}"
59517a02aaa2552c1542,"overall good, but customer service is horrible, they don't have human beings to attend customer complaint on call, they have computerized customer care. Talking with ai customer support was pathetic. it's big headache 🤢🤢","{""review_id"": ""59517a02aaa2552c1542"", ""source"": ""play_store""}"
ff93d5e805e5262dd9ed,amazing aap and first delivery and 100 present othentick product love it,"{""review_id"": ""ff93d5e805e5262dd9ed"", ""source"": ""play_store""}"
8bc569df848da9aaf5fd,good AAP for online shopping,"{""review_id"": ""8bc569df848da9aaf5fd"", ""source"": ""play_store""}"
21cc1bbbb3160510c72f,best app ever used,"{""review_id"": ""21cc1bbbb3160510c72f"", ""source"": ""play_store""}"
83db21b556303be5ad6e,good aap very beautiful product and emaging price and product qulity,"{""review_id"": ""83db21b556303be5ad6e"", ""source"": ""play_store""}"
5025ebd5e6fdf764652d,such a good app where you can find items in affordable price,"{""review_id"": ""5025ebd5e6fdf764652d"", ""source"": ""play_store""}"
d3df4759c54028e23e0d,100%satisfied,"{""review_id"": ""d3df4759c54028e23e0d"", ""source"": ""play_store""}"
f87aa1ff88b148dd0e1c,good app for shopping 🛒🛍️,"{""review_id"": ""f87aa1ff88b148dd0e1c"", ""source"": ""play_store""}"
9e795f43c7ea7d534784,if am trying to open it was not opening the app why .what happen i don't no.,"{""review_id"": ""9e795f43c7ea7d534784"", ""source"": ""play_store""}"
61b7566dac66281a632b,there is varities of product,"{""review_id"": ""61b7566dac66281a632b"", ""source"": ""play_store""}"
b0b500a77db64b0a95e7,wonderful myntra,"{""review_id"": ""b0b500a77db64b0a95e7"", ""source"": ""play_store""}"
c33b2495328acae77db0,use ful app for shopping,"{""review_id"": ""c33b2495328acae77db0"", ""source"": ""play_store""}"
e0efcbe740461f547d9a,very good offers,"{""review_id"": ""e0efcbe740461f547d9a"", ""source"": ""play_store""}"
2dfef8961d3425c4bb40,quality of fabric is amazing always,"{""review_id"": ""2dfef8961d3425c4bb40"", ""source"": ""play_store""}"
31822f136cd6e73d92b0,"fast delivery, lastest fashion","{""review_id"": ""31822f136cd6e73d92b0"", ""source"": ""play_store""}"
61cb3adc257bcbd95ef4,it provides genuine products,"{""review_id"": ""61cb3adc257bcbd95ef4"", ""source"": ""play_store""}"
01b10064e363adc9dce2,myntra online shopping ka bhut acha platform hai me myntra se shopping kar rahi hu bahut achcha product aata Hai aap bhi Mantra se shopping karo bahut achcha product kharido myntra online shopping me sare product bahut acche aate Hain quality ek number hoti hai FIR chahe product khane ka yah skin care ka ho ya fir jewellery accessories or kids men women ke kapde sub bahut achi quality ke milte hai aap sub myntra online shopping 🛍️🛍️🛍️ jarur kar me myntra ko 5star deti hu thank you myntra,"{""review_id"": ""01b10064e363adc9dce2"", ""source"": ""play_store""}"
a2a59e696d124101688e,"batter than amazon, flipkart","{""review_id"": ""a2a59e696d124101688e"", ""source"": ""play_store""}"
ca2cce0fe93f13d7d4bf,"It's good, it's cool, the product is good, it's original.","{""review_id"": ""ca2cce0fe93f13d7d4bf"", ""source"": ""play_store""}"
b0770fe957e07478f041,it's gr8 never seen quick change of skin through this product,"{""review_id"": ""b0770fe957e07478f041"", ""source"": ""play_store""}"
83235b49b95c81c4e07f,Myntra par sare visit Karen bahut achcha app Hai sach mein bahut pasand aaya kaun si chij Lo sari budget per mil jaati Hai nice best app Myntra branded jute branded shirt branded shirt branded lower saree Jo Ban jaaye vah chij special video I love Mitra best treatment kaun si bhi chijen nice ladies hostel saree dress bahut acchi picture best se best quality jitna bataunga utna kam padega Mitra ke bare mein meri meri to maine abhi tak facial Manga hai bahut achcha result aaya Hai use chij ka mujh,"{""review_id"": ""83235b49b95c81c4e07f"", ""source"": ""play_store""}"
3254dea18e84a9852141,"i really love shopping from myntra. It provides good quality stuff in low budget, and the offers, coupons it provides to their customers are amazing.","{""review_id"": ""3254dea18e84a9852141"", ""source"": ""play_store""}"
6a7811e769d8162f4a79,Worst experience ever.I ordered a shirt and they delayed it for 3 days and I contacted the customer care and the very next day myntra cancelled my order.Nykaa and Ajio are better than mantra.This needs to be resolved..,"{""review_id"": ""6a7811e769d8162f4a79"", ""source"": ""play_store""}"
b26f22d8463e2c88e0ca,the fragrance is marvellous and very rich.,"{""review_id"": ""b26f22d8463e2c88e0ca"", ""source"": ""play_store""}"
70507af0daa15a8c91a3,It is good platform to shop.,"{""review_id"": ""70507af0daa15a8c91a3"", ""source"": ""play_store""}"
279b9c844591485d6749,my refund money got stuck and customer service told me to go to bank .so disappointed with this app,"{""review_id"": ""279b9c844591485d6749"", ""source"": ""play_store""}"
3488c09782836a6fb105,best app to purchase anything it is simple to buy and product is delivered earlier which is very useful and quality of product are superb,"{""review_id"": ""3488c09782836a6fb105"", ""source"": ""play_store""}"
0bc7b6382c75feea2909,please help me I can't use daily copun aaply or coupon not reedeam so help me me apne roj k copun ko redeem nhi kr pa rha hu ky aap mere Myntra se help kr sakte hai,"{""review_id"": ""0bc7b6382c75feea2909"", ""source"": ""play_store""}"
a49c43afec7669dd2696,I only use myntra this was very trustful app love it..😊💗🫶,"{""review_id"": ""a49c43afec7669dd2696"", ""source"": ""play_store""}"
99c2f6a1c72277f4e309,It's been 15 days since I have ordered and they are not delivering my paid order the worst online shopping app I have ever used.,"{""review_id"": ""99c2f6a1c72277f4e309"", ""source"": ""play_store""}"
924d3df8fb03e0055a19,love this app!,"{""review_id"": ""924d3df8fb03e0055a19"", ""source"": ""play_store""}"
641810d53ad43a2d234d,nice aap😊😊,"{""review_id"": ""641810d53ad43a2d234d"", ""source"": ""play_store""}"
9c9876ccb3aa6dd34c1b,extraordinary,"{""review_id"": ""9c9876ccb3aa6dd34c1b"", ""source"": ""play_store""}"
498cfead6a3e6a5aac21,excellent experience,"{""review_id"": ""498cfead6a3e6a5aac21"", ""source"": ""play_store""}"
78e38490d5e23b3dd2bf,"whenever i order every time delay delivery , it takes minimum around 10 days , can i ask why !? already every order written delivery time around 8 days also you guys do more , If this going to happen every time its difficult to buy .","{""review_id"": ""78e38490d5e23b3dd2bf"", ""source"": ""play_store""}"
87dc29202c4cf3514354,Value for money,"{""review_id"": ""87dc29202c4cf3514354"", ""source"": ""play_store""}"
a089a35dabdff7e68c17,useful and money save,"{""review_id"": ""a089a35dabdff7e68c17"", ""source"": ""play_store""}"
0c67edd50abfcd659e28,mujhe product per kafi Sara discount milta hai,"{""review_id"": ""0c67edd50abfcd659e28"", ""source"": ""play_store""}"
ec94de4eccafadb9613d,poor customer service,"{""review_id"": ""ec94de4eccafadb9613d"", ""source"": ""play_store""}"
76e141bda3fc334347c4,good proudect,"{""review_id"": ""76e141bda3fc334347c4"", ""source"": ""play_store""}"
824c046446e0bad73bf8,best support,"{""review_id"": ""824c046446e0bad73bf8"", ""source"": ""play_store""}"
0d0264e06623f9e0747f,"Great app for fashion shopping! It offers a wide variety of brands, frequent discounts, easy returns, and fast delivery. The interface is user-friendly, making it easy to find the latest trends. Overall, a convenient and reliable shopping experience.","{""review_id"": ""0d0264e06623f9e0747f"", ""source"": ""play_store""}"
8d3c99f3944749459a26,new styles going with the flow trendsetter.. and many more abbreviations...but cut to cut best shopping app for a new u..go with this and experience the fairy in u.thanks myntra,"{""review_id"": ""8d3c99f3944749459a26"", ""source"": ""play_store""}"
12b2f4dacad6c0615bc2,I love the app,"{""review_id"": ""12b2f4dacad6c0615bc2"", ""source"": ""play_store""}"
cff5ba1f9d0ba07200d6,"I was a loyal customer, I am going to discontinue this platform. First of all they take platform fee and if the seller itself is always sending wrong product on exchange, and you decide to return the product in frustration they still cut the marketfee price from total amount and refund the price. When the seller should be penalized for not cancelling the order if product is out of stock and continuosly wasting time by sending wrong product","{""review_id"": ""cff5ba1f9d0ba07200d6"", ""source"": ""play_store""}"
1e532f9faef94323285b,nice fitting nice cloth,"{""review_id"": ""1e532f9faef94323285b"", ""source"": ""play_store""}"
078e32ccadf81d0d0c61,excellent experience.. All products are best in quality..must products from myntra.. loving all my purchases and most importantly there is no need to return any product. Thank u myntra for such a great experience.,"{""review_id"": ""078e32ccadf81d0d0c61"", ""source"": ""play_store""}"
2dc7fb8d6269b200dee0,OVERALL VERY GOOD SERVICE,"{""review_id"": ""2dc7fb8d6269b200dee0"", ""source"": ""play_store""}"
9809636d1bccf3527197,mostly original branded clothes are available here,"{""review_id"": ""9809636d1bccf3527197"", ""source"": ""play_store""}"
5bdd2e9c77d9839646c9,best app for fashion shopping,"{""review_id"": ""5bdd2e9c77d9839646c9"", ""source"": ""play_store""}"
52485ce1738ea3c0dac0,"⭐⭐⭐⭐⭐ Great shopping experience! The app is easy to use, there are plenty of options to choose from, and the delivery was on time. The product quality matched the description, and the packaging was neat. Returns and refunds are also smooth and hassle-free. Overall, I'm very satisfied with my purchase and would definitely shop from Myntra again.","{""review_id"": ""52485ce1738ea3c0dac0"", ""source"": ""play_store""}"
172fde39b4647c253ac6,real brands are available,"{""review_id"": ""172fde39b4647c253ac6"", ""source"": ""play_store""}"
36c71b0a8b6961849717,nice collection,"{""review_id"": ""36c71b0a8b6961849717"", ""source"": ""play_store""}"
9adb6ed69c7bc42673a5,Great Experience 😊,"{""review_id"": ""9adb6ed69c7bc42673a5"", ""source"": ""play_store""}"
862d9a418183fdd60455,good one products love it,"{""review_id"": ""862d9a418183fdd60455"", ""source"": ""play_store""}"
6a5bca7af7b9c0df91c8,very good app and good products are there,"{""review_id"": ""6a5bca7af7b9c0df91c8"", ""source"": ""play_store""}"
b2814d60944e72e8c25a,myntra online shopping app is actually very good platform to buying brand and comfortable product using for everyone.❣️❤️💙💚💟,"{""review_id"": ""b2814d60944e72e8c25a"", ""source"": ""play_store""}"
8c194a634149860ed53b,first to check otp,"{""review_id"": ""8c194a634149860ed53b"", ""source"": ""play_store""}"
a0481201bdc42493a334,Hello there When I ordered this product i pay 797 rupees I have some issues regarding that product so I request to return that product but they cut 50 rupees from that amount because I return the product so They should give me 747 rs technically but they refunding 714 rupees only why? I was very disappointed regarding that thing about MYNTRA they don't even provide the complaint chat box for any queries or issues about their service.,"{""review_id"": ""a0481201bdc42493a334"", ""source"": ""play_store""}"
9339745af90e7da9ca7a,Best app for purchase clothes ❤️,"{""review_id"": ""9339745af90e7da9ca7a"", ""source"": ""play_store""}"
618f9dff529def7850ef,good quality and best fittings,"{""review_id"": ""618f9dff529def7850ef"", ""source"": ""play_store""}"
8802a649125796d34f41,"am extremely disappointed with Myntra's service. My order has been cancelled twice without any valid reason after being confirmed. This has wasted my time and caused a lot of inconvenience. If the product was unavailable, it should not have been accepted in the first place. This kind of repeated cancellation shows poor inventory management and a lack of respect for customers. I expected better service from a company like Myntra. I hope they improve their order handling process so that other cust","{""review_id"": ""8802a649125796d34f41"", ""source"": ""play_store""}"
491e31d69c444881930a,"many offers with affordable price, but quality wise ok","{""review_id"": ""491e31d69c444881930a"", ""source"": ""play_store""}"
8bf2eb23b94ae3da996c,good app for shopping for wonderful product with brands also you take good discount on the products through this app,"{""review_id"": ""8bf2eb23b94ae3da996c"", ""source"": ""play_store""}"
994e67d2a2c45d72b1e5,"I'm not sure what's causing this, or if it's just an issue with my phone. Whenever I'm playing music on Spotify or watching a video on YouTube, if I open a product that has a video in the product images (not in the reviews), the audio from Spotify or YouTube automatically stops. This doesn't happen with any other shopping apps.","{""review_id"": ""994e67d2a2c45d72b1e5"", ""source"": ""play_store""}"
e224216c9f18d4218765,worst experience ever had I've ordered a kurta the delivery boy is also lazy he is saying coming to my area and collect no means i will cancel.full chattered at last i went and took the dress and it is fully damaged so I sent exchange request but they are telling there is no batch number etc i have the video of unboxing the dress and I make call to delivery boy he is saying call to customer care in rude way the remaining comments are posted by their employees dont trust the comments,"{""review_id"": ""e224216c9f18d4218765"", ""source"": ""play_store""}"
9cc65175a9c7b6fda4c8,awesome ❤️❤️,"{""review_id"": ""9cc65175a9c7b6fda4c8"", ""source"": ""play_store""}"
0849a1e1e72e0b3f04a6,lovely app,"{""review_id"": ""0849a1e1e72e0b3f04a6"", ""source"": ""play_store""}"
6b5417e84f522b60a06a,myntra is the best 🤩,"{""review_id"": ""6b5417e84f522b60a06a"", ""source"": ""play_store""}"
b7a0bd4c74862c179f24,"I am always happy with myntra, myntra never disappointed me","{""review_id"": ""b7a0bd4c74862c179f24"", ""source"": ""play_store""}"
b981ddb36765473d09e5,good develery,"{""review_id"": ""b981ddb36765473d09e5"", ""source"": ""play_store""}"
fee4baf1398f744e1dc6,bestttt deals,"{""review_id"": ""fee4baf1398f744e1dc6"", ""source"": ""play_store""}"
f02d944a363dab359fe6,worst experience,"{""review_id"": ""f02d944a363dab359fe6"", ""source"": ""play_store""}"
c3ac8bafb223e9b03284,unbelievable experience,"{""review_id"": ""c3ac8bafb223e9b03284"", ""source"": ""play_store""}"
da733cd22659feea514b,very useful and trusted app,"{""review_id"": ""da733cd22659feea514b"", ""source"": ""play_store""}"
103a2019fd98cac08a34,The best app for shopping smooth and fast pluss good offers and you get almost everything at a cheaper rate!!,"{""review_id"": ""103a2019fd98cac08a34"", ""source"": ""play_store""}"
7c09b4974f58e93d34b2,good fabric,"{""review_id"": ""7c09b4974f58e93d34b2"", ""source"": ""play_store""}"
f01a60e9e20e401ac692,very best aap,"{""review_id"": ""f01a60e9e20e401ac692"", ""source"": ""play_store""}"
486e483f1621c422792b,"Genuine and high quality products, myntra is ordinarily extraordinary.","{""review_id"": ""486e483f1621c422792b"", ""source"": ""play_store""}"
d0f1903dc2b727cd3df7,Colgate Max fresh blue colour mangai Thi aur kuchh aur hi nikala I hate Myntra aur aap sabhi Myntra ko support mat karo,"{""review_id"": ""d0f1903dc2b727cd3df7"", ""source"": ""play_store""}"
4ad8994015cf88e5ebef,useful aap thanx myntra,"{""review_id"": ""4ad8994015cf88e5ebef"", ""source"": ""play_store""}"
98fa400a3b6bd2fdb292,whenever I purchased from Myntra...my experience is fully satisfied... Thanks Myntra,"{""review_id"": ""98fa400a3b6bd2fdb292"", ""source"": ""play_store""}"
cc7f2e52e8f08a682afb,it's very cheap quality all material please visit another application 👎👎👎,"{""review_id"": ""cc7f2e52e8f08a682afb"", ""source"": ""play_store""}"
4d6a19d25e9d2f2ad725,"Best online shopping website. This is only platform where I found genuine products with fast returns / refunds. changing ratings to 2 as something changes recently and the experience is completely opposite, no difference now low quality flipkart and myntra.","{""review_id"": ""4d6a19d25e9d2f2ad725"", ""source"": ""play_store""}"
37c4314a9303c6ee6660,returning policy bekar hai.worst app,"{""review_id"": ""37c4314a9303c6ee6660"", ""source"": ""play_store""}"
49183f5fc30826f36c7b,good app.par product acha laga jaldi bhejna.par check sahi ho dhanyabad,"{""review_id"": ""49183f5fc30826f36c7b"", ""source"": ""play_store""}"
9c34cfa627a330c34712,Best for clothing,"{""review_id"": ""9c34cfa627a330c34712"", ""source"": ""play_store""}"
2317deb6e7e5d9123cf8,superb quality product with huge discount.,"{""review_id"": ""2317deb6e7e5d9123cf8"", ""source"": ""play_store""}"
93355ce80fd66b4afb5b,best app❤️,"{""review_id"": ""93355ce80fd66b4afb5b"", ""source"": ""play_store""}"
36be1bd2e9bea9914d5a,good offers,"{""review_id"": ""36be1bd2e9bea9914d5a"", ""source"": ""play_store""}"
8446d598539ee54de8cd,love shoping at myntra,"{""review_id"": ""8446d598539ee54de8cd"", ""source"": ""play_store""}"
e2d20620052c78cc9703,good product 👍👍,"{""review_id"": ""e2d20620052c78cc9703"", ""source"": ""play_store""}"
51559b2a13b3ceea0156,best experience ever🥰🥰🥰🥰,"{""review_id"": ""51559b2a13b3ceea0156"", ""source"": ""play_store""}"
c9b07ab15b96c459775e,"This ""Play to Slay"" button is very irritating. How to disable it? It comes directly under thumb position while scrolling.","{""review_id"": ""c9b07ab15b96c459775e"", ""source"": ""play_store""}"
a3f8cbea7f9f2a543637,"worst app experience, I have been using myntra since 2021 and never faced any issue with product quality or refunds. but recently I have been facing product quality issues a lot. The last 5-6 products i have ordered look very different from what they look in the app also the quality is pathetic. on returning the bad quality item they don't even give a full refund, some of the refund amount is always deducted as myntra cash which you can never redeem. The quality of myntra has downgraded a looott","{""review_id"": ""a3f8cbea7f9f2a543637"", ""source"": ""play_store""}"
43714234751ac3797f3a,beautiful necklace.,"{""review_id"": ""43714234751ac3797f3a"", ""source"": ""play_store""}"
efb959c2d70ad513ba5f,awesome i love myntra product quality 10/10000,"{""review_id"": ""efb959c2d70ad513ba5f"", ""source"": ""play_store""}"
75c8b05bf7fb865ff333,this is my favourite app because when ever I ordered anything I received the good product,"{""review_id"": ""75c8b05bf7fb865ff333"", ""source"": ""play_store""}"
c1f2813c679c4c0133dc,don't shoping this aap ye log customer ko bebquf banate hai oder galt bejkar return lete nii customer support me time pass karte time de dekar,"{""review_id"": ""c1f2813c679c4c0133dc"", ""source"": ""play_store""}"
7f218cb6ed4be0a7c62c,very bad app don't shopping customer ko bebquf banate hai galt product bejkr return ni lete block this app,"{""review_id"": ""7f218cb6ed4be0a7c62c"", ""source"": ""play_store""}"
60051d02e6e3da30bfcf,very baad koi bhi esh app se shopping mt kariyega customer ko froud banate galt product bejkar fer return ni lete esme to ye aap band kr dena chahiye block karooo,"{""review_id"": ""60051d02e6e3da30bfcf"", ""source"": ""play_store""}"
88fe9b56ce1c68178562,very nice but expensive,"{""review_id"": ""88fe9b56ce1c68178562"", ""source"": ""play_store""}"
2099216f2eea3c409d41,Value for money...,"{""review_id"": ""2099216f2eea3c409d41"", ""source"": ""play_store""}"
a7c68996ed264c3a5bad,very good and I like this app,"{""review_id"": ""a7c68996ed264c3a5bad"", ""source"": ""play_store""}"
a1f6a25fb8664d91b664,very amazing app for shopping,"{""review_id"": ""a1f6a25fb8664d91b664"", ""source"": ""play_store""}"
090cf5bbd38bf08ec658,A fully trusted and Legit app to buy clothes,"{""review_id"": ""090cf5bbd38bf08ec658"", ""source"": ""play_store""}"
fdb93efc78f4d85191eb,good quality product received in good packaging and delivered on time,"{""review_id"": ""fdb93efc78f4d85191eb"", ""source"": ""play_store""}"
d93e48e5342aa66f9fd1,better app,"{""review_id"": ""d93e48e5342aa66f9fd1"", ""source"": ""play_store""}"
e9da2f5f2cf2bd3f782f,Good product.,"{""review_id"": ""e9da2f5f2cf2bd3f782f"", ""source"": ""play_store""}"
2e929c10a0d3081731e0,Best quality and super service,"{""review_id"": ""2e929c10a0d3081731e0"", ""source"": ""play_store""}"
109bb1062a2348943dbc,so gooddddd,"{""review_id"": ""109bb1062a2348943dbc"", ""source"": ""play_store""}"
6e312b6c6bd0aecdc101,good app 👍 delivery before it's timming 🤣,"{""review_id"": ""6e312b6c6bd0aecdc101"", ""source"": ""play_store""}"
c672375d55c91f43dd47,it's a very good apps,"{""review_id"": ""c672375d55c91f43dd47"", ""source"": ""play_store""}"
cc1053823b75a7e86e06,Good service on my first order.,"{""review_id"": ""cc1053823b75a7e86e06"", ""source"": ""play_store""}"
14402a92cab2ca34c1b3,"this app is wonderful because every time I receive only amazing and better quality products, so I just love it🤩","{""review_id"": ""14402a92cab2ca34c1b3"", ""source"": ""play_store""}"
90ae594731ac53c0f883,i just not like when they deduct money when we return the product,"{""review_id"": ""90ae594731ac53c0f883"", ""source"": ""play_store""}"
2c2cafd3834642a40139,"""Myntra se shopping ka experience hamesha ki tarah bohot achha raha. Products ki quality top-notch hai, delivery time par ho gayi aur packaging bhi badiya thi. Trendy collection ke liye Myntra best app hai!""","{""review_id"": ""2c2cafd3834642a40139"", ""source"": ""play_store""}"
a602f6d5aa6d0c334d5d,this app is good and good delivery and quality of product is good,"{""review_id"": ""a602f6d5aa6d0c334d5d"", ""source"": ""play_store""}"
235d1f500e48d452562b,very satisfied about product quality,"{""review_id"": ""235d1f500e48d452562b"", ""source"": ""play_store""}"
8cf7fba8625a40db5b5a,myntra is good service.deliveryman so polite,"{""review_id"": ""8cf7fba8625a40db5b5a"", ""source"": ""play_store""}"
927b02f334308e9cc7be,very nice app great,"{""review_id"": ""927b02f334308e9cc7be"", ""source"": ""play_store""}"
97e74b13464a8c3d9fd6,literally!! The worst experience ever I've never expected such type of behaviour myntra I had trust in you but now I've ordered a ruffel bodycon dress and the delivery came on 24 and when I saw the dress it was too small so I've decided to return it and get my refund then I've done that but there is no response from myntra at first when I called the help line number they told me that my problem will be resolve but till now these is no msg and they're tell me that there is no updates abt order,"{""review_id"": ""97e74b13464a8c3d9fd6"", ""source"": ""play_store""}"
63fa5c651245b753d7fc,nice kurta set,"{""review_id"": ""63fa5c651245b753d7fc"", ""source"": ""play_store""}"
03872815e620bcadb30b,amazing shoping app i love myntra,"{""review_id"": ""03872815e620bcadb30b"", ""source"": ""play_store""}"
bedae128985ce7d19201,I love it... nice,"{""review_id"": ""bedae128985ce7d19201"", ""source"": ""play_store""}"
083da8a740d05566e1d5,I Had gotten what exactly I've seen. good material,"{""review_id"": ""083da8a740d05566e1d5"", ""source"": ""play_store""}"
becf282fb3672f6abe31,Very bad experience with myntra. Pehle uska sab accha tha. Uski products aur uski return policy bhi. Abhi to return policy bhi bekar kar di hai. Pure paise bhi wapas nahi milta hai. Isse accha ki shop se leke aaye. Atleast waha material aur size sab thik se dekh ke trial kar ke le sakte hai. Yaha pe to sab cheating hi ho rahi hai.,"{""review_id"": ""becf282fb3672f6abe31"", ""source"": ""play_store""}"
dd96e1ef2c6f539dd54e,aapka app best hai maine aaj order kiye or kal he milega ❤️,"{""review_id"": ""dd96e1ef2c6f539dd54e"", ""source"": ""play_store""}"
547ad2b351423f020266,very nice app I get products with in 2 days,"{""review_id"": ""547ad2b351423f020266"", ""source"": ""play_store""}"
14967bcc3b6db52bd85e,very good.,"{""review_id"": ""14967bcc3b6db52bd85e"", ""source"": ""play_store""}"
91a1a0616484d6e46668,worst service they don't deliver on time and they don't pickup the return on time suffering from 15 days and some times the product and brand shown on app doesn't match with the actual product I am uninstalling this app today,"{""review_id"": ""91a1a0616484d6e46668"", ""source"": ""play_store""}"
db8264e8d046a35b8112,so NYC happy 😊,"{""review_id"": ""db8264e8d046a35b8112"", ""source"": ""play_store""}"
2da8f820a4da0b851e84,experience was nice..all product are good and price is also good,"{""review_id"": ""2da8f820a4da0b851e84"", ""source"": ""play_store""}"
cca569723c875001cd4c,Very good experience,"{""review_id"": ""cca569723c875001cd4c"", ""source"": ""play_store""}"
2120a8e1b10fa84dd335,Good Design 😊,"{""review_id"": ""2120a8e1b10fa84dd335"", ""source"": ""play_store""}"
bc46aa25fafdd38a5bde,SUPERB SERVICE AND PRODUCT,"{""review_id"": ""bc46aa25fafdd38a5bde"", ""source"": ""play_store""}"
43cf241e995aa162fe23,I love shopping through myntra.,"{""review_id"": ""43cf241e995aa162fe23"", ""source"": ""play_store""}"
62f3585649856c9012b5,myntra is scamming me my order not delivered but showing delivered very bad service please don't use myntra,"{""review_id"": ""62f3585649856c9012b5"", ""source"": ""play_store""}"
54b82399b5dc3d34cb33,This app have premium fashion items for low prices,"{""review_id"": ""54b82399b5dc3d34cb33"", ""source"": ""play_store""}"
7b58bda121a38cc076e5,we get very comfortable quality fabric clothes they are so pretty whenever we order from myntra,"{""review_id"": ""7b58bda121a38cc076e5"", ""source"": ""play_store""}"
4eb6b1c73c92b32ef1c7,Myntra is very good app and my favourite shopping app,"{""review_id"": ""4eb6b1c73c92b32ef1c7"", ""source"": ""play_store""}"
063a8b0cc5b8fb1883d8,Best app for quality shopping,"{""review_id"": ""063a8b0cc5b8fb1883d8"", ""source"": ""play_store""}"
7af13321b55991387743,I just love shopping from Myntra the product are so good,"{""review_id"": ""7af13321b55991387743"", ""source"": ""play_store""}"
37fa4af8a8b89bec6147,This app product is very good I am satisfied to buy the product,"{""review_id"": ""37fa4af8a8b89bec6147"", ""source"": ""play_store""}"
7977cb4e56c31b36233c,authentic and genuine product,"{""review_id"": ""7977cb4e56c31b36233c"", ""source"": ""play_store""}"
c4f2fa3773edb6eb52bd,app experience is best,"{""review_id"": ""c4f2fa3773edb6eb52bd"", ""source"": ""play_store""}"
5405aa4cce8c64a82b49,products are so 👍,"{""review_id"": ""5405aa4cce8c64a82b49"", ""source"": ""play_store""}"
4c0eab670c775636b162,"No instant Refund 4-5 Days se Refund ka wait kar Raha hu magar 3 din me 3 bar customer care se bat kar liya, wo ek issue open kar dete hain or 1 hafte Tak wait karne bolte hain. Product wapas karo, magar Paisa vapas aayega ya nahi, kab aayega pata nahi. Instant Refund Policy 😢 achchha Mazak hai 😂","{""review_id"": ""4c0eab670c775636b162"", ""source"": ""play_store""}"
8b7757936985badd6f4d,feeling good,"{""review_id"": ""8b7757936985badd6f4d"", ""source"": ""play_store""}"
1ddf1a212bbb189545f8,lots of verity and un budget also. very good interface and safe delivery. trusted also.,"{""review_id"": ""1ddf1a212bbb189545f8"", ""source"": ""play_store""}"
3b8e63192ccab9f10bb2,2 Secund time very bed experience all products your platform quality very bed please maintain your service product and price images and discount you are totally miss guide all costumer I am forgot your service please your future services better than all products surat supplier that is all surat supplier 100% chiting Thank you for us,"{""review_id"": ""3b8e63192ccab9f10bb2"", ""source"": ""play_store""}"
ecd26d6249955dc6f468,Amazing platform for quality products.,"{""review_id"": ""ecd26d6249955dc6f468"", ""source"": ""play_store""}"
3bbbfb5e6dd687af9ed7,Awesome Quality ❤️ Fast Delivery and Friendly staffs,"{""review_id"": ""3bbbfb5e6dd687af9ed7"", ""source"": ""play_store""}"
5c28a2af8efe615a38d9,good and great,"{""review_id"": ""5c28a2af8efe615a38d9"", ""source"": ""play_store""}"
dc40b6a00bbe6ad3c3ab,Great app for purchasing fashionable clothes and footwear for men,"{""review_id"": ""dc40b6a00bbe6ad3c3ab"", ""source"": ""play_store""}"
e731a2aa44e289a828c6,good service and good product and reliable.....,"{""review_id"": ""e731a2aa44e289a828c6"", ""source"": ""play_store""}"
d53661f4559c300d9323,very good product received from myntra,"{""review_id"": ""d53661f4559c300d9323"", ""source"": ""play_store""}"
d84cc24339290c1634ff,very nice products and services is very good 💯👍,"{""review_id"": ""d84cc24339290c1634ff"", ""source"": ""play_store""}"
685aef16a63ff405f5d6,myntra never disappoints...my go to place for any online purchase.super Happy,"{""review_id"": ""685aef16a63ff405f5d6"", ""source"": ""play_store""}"
d3401374316133e9f2b2,best food shopping,"{""review_id"": ""d3401374316133e9f2b2"", ""source"": ""play_store""}"
bceaad3198f2ac3d385b,Nice App all in one brands avlbl on genuine prices🤗,"{""review_id"": ""bceaad3198f2ac3d385b"", ""source"": ""play_store""}"
fa795a98b86ab7651ac0,fantastic delivery and return policy. Simply hassle free.,"{""review_id"": ""fa795a98b86ab7651ac0"", ""source"": ""play_store""}"
7583604271f8d495ce5b,best app ever,"{""review_id"": ""7583604271f8d495ce5b"", ""source"": ""play_store""}"
2a84ed56f0f4ea912a06,Always great experience with Myntra🤩,"{""review_id"": ""2a84ed56f0f4ea912a06"", ""source"": ""play_store""}"
8a491a3f5264c227e309,beautiful aligence I like too much,"{""review_id"": ""8a491a3f5264c227e309"", ""source"": ""play_store""}"
0ec6e52f741a439e8f53,always my favourite online shopping app👍,"{""review_id"": ""0ec6e52f741a439e8f53"", ""source"": ""play_store""}"
385d7e35becd29bc821a,much better,"{""review_id"": ""385d7e35becd29bc821a"", ""source"": ""play_store""}"
2606390ddc7f29b8d026,very nycc products my favorite app,"{""review_id"": ""2606390ddc7f29b8d026"", ""source"": ""play_store""}"
b0b2abfdb62f15f8e138,4 din se my cash me better luck next time aa rahe hai point hi nahi de rahe,"{""review_id"": ""b0b2abfdb62f15f8e138"", ""source"": ""play_store""}"
e04acfbb3e4f1241b654,good experience 😄😄,"{""review_id"": ""e04acfbb3e4f1241b654"", ""source"": ""play_store""}"
fb7192aed1b04d351cb8,for fashion only,"{""review_id"": ""fb7192aed1b04d351cb8"", ""source"": ""play_store""}"
c75a3e46b0da799d96a0,trusted app,"{""review_id"": ""c75a3e46b0da799d96a0"", ""source"": ""play_store""}"
5be6d46a268c54e088e7,best shoping app,"{""review_id"": ""5be6d46a268c54e088e7"", ""source"": ""play_store""}"
268792bf9d1267341d59,The product i purchased is good in quality and and give best price than other platforms,"{""review_id"": ""268792bf9d1267341d59"", ""source"": ""play_store""}"
088575ea1e5417c0277a,I just love to shop at myntra,"{""review_id"": ""088575ea1e5417c0277a"", ""source"": ""play_store""}"
380aa6cd1d013e10ebf2,my favorite online shopping app because every product quality is best🥰🥰🥰🥰❤️,"{""review_id"": ""380aa6cd1d013e10ebf2"", ""source"": ""play_store""}"
17958130e5443789fe41,"worst shopping app. They send the product without tag, when I placed for exchange the delivery guy said it is without tag & cancelled my exchange. when i spoke to CS they placed fresh exchange but the delivery guy didn't came to my place & after that I was continuously contacting th CS they said u will get the exchange but all off sudden they cancelled my exchange & because of there fault my exchange & return period got over. Very bad service by Mantra .","{""review_id"": ""17958130e5443789fe41"", ""source"": ""play_store""}"
4cab1353e774a96d50b2,product very good,"{""review_id"": ""4cab1353e774a96d50b2"", ""source"": ""play_store""}"
03792e72322b792b6e31,Genuine branded product delivered as requested,"{""review_id"": ""03792e72322b792b6e31"", ""source"": ""play_store""}"
4809eb7acdede9100c15,"Very disappointing. The products are often overpriced for the quality. I also used the ""Play & Win"" feature for 3 weeks. At first, I won small rewards regularly, but now I only get ""Bad Luck"" every time. It feels unfair and makes the feature seem misleading. Overall, not a good experience.","{""review_id"": ""4809eb7acdede9100c15"", ""source"": ""play_store""}"
7987aab95f05129e5d95,good product 👍,"{""review_id"": ""7987aab95f05129e5d95"", ""source"": ""play_store""}"
206eaea31bfbfc2543cf,it's a better shoping app,"{""review_id"": ""206eaea31bfbfc2543cf"", ""source"": ""play_store""}"
d299998c4f76e9a5ca7d,best app in the world,"{""review_id"": ""d299998c4f76e9a5ca7d"", ""source"": ""play_store""}"
ea36982768cf69dfbca4,Myntra is like a wow,"{""review_id"": ""ea36982768cf69dfbca4"", ""source"": ""play_store""}"
591fb752958d8ee37072,very nice 👍 Achha product Hai,"{""review_id"": ""591fb752958d8ee37072"", ""source"": ""play_store""}"
7e85d78f24c51cbd42a1,I have been using the Myntra app for a long time and it isn't my favorite shopping app 😻,"{""review_id"": ""7e85d78f24c51cbd42a1"", ""source"": ""play_store""}"
f82ce8e3a4ab616753ac,Myntra best app,"{""review_id"": ""f82ce8e3a4ab616753ac"", ""source"": ""play_store""}"
3c33cc45ea36873fac04,excellent performance,"{""review_id"": ""3c33cc45ea36873fac04"", ""source"": ""play_store""}"
cc5f5acdad127548251a,very impressive 👍,"{""review_id"": ""cc5f5acdad127548251a"", ""source"": ""play_store""}"
7c7d75458fff318a08f8,Nice product delivered on time 👍🏻👍🏻✨💕🤗,"{""review_id"": ""7c7d75458fff318a08f8"", ""source"": ""play_store""}"
e899100c0069bc7d93be,good app for shopping also reliable,"{""review_id"": ""e899100c0069bc7d93be"", ""source"": ""play_store""}"
dfca0b8720b069386eec,Very bad experience,"{""review_id"": ""dfca0b8720b069386eec"", ""source"": ""play_store""}"
71c4f8abcfaaae15f33e,Better than amazon,"{""review_id"": ""71c4f8abcfaaae15f33e"", ""source"": ""play_store""}"
f0a3c09a0c40cd07e00e,One of the best app for trendy and fashionable clothes.,"{""review_id"": ""f0a3c09a0c40cd07e00e"", ""source"": ""play_store""}"
dc0527ae021ae0dc2623,"So, previously I gave 1 star due to the price issue but again after installing Myntra a couple of months ago they really seemed to have taken the review and launched so many good and stylish clothes and accessories; that I was looking forward to for quite long in other apps. But although now I happily shopping here because of the vastness, glad Myntra didn't disappoint when it comes to COLLECTION regardless of the price of the qualities are great! So now it's 5 stars from my side!","{""review_id"": ""dc0527ae021ae0dc2623"", ""source"": ""play_store""}"
9bc792a0fdcf398ef7a7,excellent app. have a great offers . i literally have placed so many orders because of the discount,"{""review_id"": ""9bc792a0fdcf398ef7a7"", ""source"": ""play_store""}"
d4fde084fb3e2df3356c,"Mantra is a Mantra to get affordable, reliable fashion related things with trust.👍💯","{""review_id"": ""d4fde084fb3e2df3356c"", ""source"": ""play_store""}"
019f20d58f36be3c25d4,My all tym favorite myntra... And I am a proud n happy customer for several years.... Products r 100 percent genuine... Love Myntra,"{""review_id"": ""019f20d58f36be3c25d4"", ""source"": ""play_store""}"
ddcff893ffa526bf2154,good and perfect,"{""review_id"": ""ddcff893ffa526bf2154"", ""source"": ""play_store""}"
c4342146f2becc345b7a,good app user frndly,"{""review_id"": ""c4342146f2becc345b7a"", ""source"": ""play_store""}"
896895d8e8ab88f30653,the worst app I never seen I had ordered blue colour dress but there delivered red colour ok fine I think and return the dress there not accepting and I call to customer care call was not connecting chat was ai this the chat was ending itself,"{""review_id"": ""896895d8e8ab88f30653"", ""source"": ""play_store""}"
e72e143b136437623435,nice site to shopping,"{""review_id"": ""e72e143b136437623435"", ""source"": ""play_store""}"
c962385463e9b6b47d15,from past 20 days they did not pickup my product!!,"{""review_id"": ""c962385463e9b6b47d15"", ""source"": ""play_store""}"
a548ca79a7dc9e9bdb76,"I've recently logged in as new user and ordered an item , it got shipped but they are saying it got cancelled without giving any reason, hahah but I believe reason was I ordered for first time with 200 discount coupon and now when I'm ordering again coupon is not applicable, ridiculous my first order wasn't even delivered but I'm not able to get first order benefits ! why myntra","{""review_id"": ""a548ca79a7dc9e9bdb76"", ""source"": ""play_store""}"
de246ee597da60458b46,hassle free shopping,"{""review_id"": ""de246ee597da60458b46"", ""source"": ""play_store""}"
fb784c12226cc4678888,I am fully satisfied with Myntra as It fulfills my expectations...! good 👍,"{""review_id"": ""fb784c12226cc4678888"", ""source"": ""play_store""}"
e1eea2fb7fc7cd119036,good deals and products,"{""review_id"": ""e1eea2fb7fc7cd119036"", ""source"": ""play_store""}"
b6ab75fef650aa918729,Awesome 👍🏼,"{""review_id"": ""b6ab75fef650aa918729"", ""source"": ""play_store""}"
9b1f734f22c14ce8f875,they cancell arder at delivery time and after they don't respond.thry don't value their customers and very disappointing app don't you this app,"{""review_id"": ""9b1f734f22c14ce8f875"", ""source"": ""play_store""}"
f65f541561276be5fb18,"“Very good quality product. Delivery was on time, packaging was good, and the product matched the description. Satisfied with my purchase. 5/5.”","{""review_id"": ""f65f541561276be5fb18"", ""source"": ""play_store""}"
b15b4c4dcd696932bc7b,Duniya ka sabse bekar aapka app delivery time ko delay Karte jaenge aapke aur bad mein use cancel kar denge,"{""review_id"": ""b15b4c4dcd696932bc7b"", ""source"": ""play_store""}"
2afa3a5d3b8e7cda542d,"Great shopping app! Easy to use, fast delivery, genuine products, and smooth return process. Overall a very good experience. Highly recommended!""","{""review_id"": ""2afa3a5d3b8e7cda542d"", ""source"": ""play_store""}"
aea8c06b50982b7255ce,good for product. but not for fast and responsive,"{""review_id"": ""aea8c06b50982b7255ce"", ""source"": ""play_store""}"
52d5320d8b4f3f8950a0,so amazing,"{""review_id"": ""52d5320d8b4f3f8950a0"", ""source"": ""play_store""}"
4eb4efab1eaa9320da9f,very nice product,"{""review_id"": ""4eb4efab1eaa9320da9f"", ""source"": ""play_store""}"
f1277665883797c2a86f,Every service is awesome from quality to delivery,"{""review_id"": ""f1277665883797c2a86f"", ""source"": ""play_store""}"
62284325b24be01a294d,super outstanding,"{""review_id"": ""62284325b24be01a294d"", ""source"": ""play_store""}"
6f51e2b392f538fb8913,best shoping experience,"{""review_id"": ""6f51e2b392f538fb8913"", ""source"": ""play_store""}"
bda0523a5db73dc6ef91,Worst shopping apps no customer support stupid service disgusting will never suggest anyone to do shopping from this app.,"{""review_id"": ""bda0523a5db73dc6ef91"", ""source"": ""play_store""}"
710e4af2f9b7ca0a63a2,I've well experience,"{""review_id"": ""710e4af2f9b7ca0a63a2"", ""source"": ""play_store""}"
6530360e2687a9364d63,good plateform for online shopping,"{""review_id"": ""6530360e2687a9364d63"", ""source"": ""play_store""}"
78c9833bb33648be6adb,"Hey hi!The app was good everything was fine, delivery was on point but I've cancelled an item but I didn't get any refund till now. I order and then cancelled immediately the same day, because I got the wrong size. According to the app it was meant to be credited on 30th of April but it didn't and it's been a month and half I didn't got my refund back. Can you fix this problem","{""review_id"": ""78c9833bb33648be6adb"", ""source"": ""play_store""}"
640e586ffd299d388cdd,better experience,"{""review_id"": ""640e586ffd299d388cdd"", ""source"": ""play_store""}"
1dc1e7a4bc2d091f99c1,delevery system are not good,"{""review_id"": ""1dc1e7a4bc2d091f99c1"", ""source"": ""play_store""}"
9d29577c234b789623b9,Damn. This app is on the next level. Can compete on Int' market. 🧨⚔️,"{""review_id"": ""9d29577c234b789623b9"", ""source"": ""play_store""}"
91e7406b9486db40e6bb,thanks app,"{""review_id"": ""91e7406b9486db40e6bb"", ""source"": ""play_store""}"
802f2b17600fc8d9ca1c,saman achcha hai myntra ka,"{""review_id"": ""802f2b17600fc8d9ca1c"", ""source"": ""play_store""}"
4a3e6b4cac3c60cfd73c,always satisfied with good material,"{""review_id"": ""4a3e6b4cac3c60cfd73c"", ""source"": ""play_store""}"
d1f4c450f13c9b576f8f,very good delivery services,"{""review_id"": ""d1f4c450f13c9b576f8f"", ""source"": ""play_store""}"
3ae769becb31467da1a1,good but heigh budget products,"{""review_id"": ""3ae769becb31467da1a1"", ""source"": ""play_store""}"
21973cb518df5dfb645a,"it happened two times out of 4 times that, once I received damaged product and the other time I received a completely different product and different size too. Still, the remaining two times the products received were perfect and great in quality too.","{""review_id"": ""21973cb518df5dfb645a"", ""source"": ""play_store""}"
abcb3739b26b6ec2cc94,this is the best for shopping 🛍 🙌,"{""review_id"": ""abcb3739b26b6ec2cc94"", ""source"": ""play_store""}"
41d5eb260064ae6f0ac1,"I ordered a duffle bag, after using it for two times the handle strap got torn when I asked for warranty details or for exchange they keep on saying the same thing - the other customers haven't complained about damage so they will not be able to provide exchange, so I asked for warranty details they keep on sending the above message , very very bad experience and very bad customer service","{""review_id"": ""41d5eb260064ae6f0ac1"", ""source"": ""play_store""}"
7670a2a289ec6a6eaddc,Very Very Worst Delivery App I Seen Never My Life😤😤😤... No Proper Response.... I'm Very Disappointed 😑😑😑....,"{""review_id"": ""7670a2a289ec6a6eaddc"", ""source"": ""play_store""}"
1ffa8eb94a059ac9427a,this is really nice app it provide product at affordable price and really good quality,"{""review_id"": ""1ffa8eb94a059ac9427a"", ""source"": ""play_store""}"
41f50242f6f98f1f913e,easy to use i recommend you to install app,"{""review_id"": ""41f50242f6f98f1f913e"", ""source"": ""play_store""}"
f082ee9490406917ee86,Good app and best quality and also the best service I say 💕,"{""review_id"": ""f082ee9490406917ee86"", ""source"": ""play_store""}"
0a9c5220441c235b53c9,higher rates.. than any other apps,"{""review_id"": ""0a9c5220441c235b53c9"", ""source"": ""play_store""}"
820e476508e8bff6204d,best aap for shopping,"{""review_id"": ""820e476508e8bff6204d"", ""source"": ""play_store""}"
3a9851e3cc7d0f6d2fa6,find best quality products. always deliver products on time best service,"{""review_id"": ""3a9851e3cc7d0f6d2fa6"", ""source"": ""play_store""}"
8cf7758125a255dbc267,it's a good app,"{""review_id"": ""8cf7758125a255dbc267"", ""source"": ""play_store""}"
3e42233357ff1b25043f,amazing products,"{""review_id"": ""3e42233357ff1b25043f"", ""source"": ""play_store""}"
879fa5be45b7afd387c4,best platform myntra,"{""review_id"": ""879fa5be45b7afd387c4"", ""source"": ""play_store""}"
fabe1da63f7a97e289f3,love the app,"{""review_id"": ""fabe1da63f7a97e289f3"", ""source"": ""play_store""}"
5b155b332010a3c433ef,this app is very usefull and the product of this app is very good quality I have mostly used this app and i loved it you must have this app,"{""review_id"": ""5b155b332010a3c433ef"", ""source"": ""play_store""}"
17018f42ee3767178f2c,niceee appp,"{""review_id"": ""17018f42ee3767178f2c"", ""source"": ""play_store""}"
30aef4158c68ac2a46b1,excellent experience.. product qualifies are very good,"{""review_id"": ""30aef4158c68ac2a46b1"", ""source"": ""play_store""}"
a8a90cb401900916d4c4,myntra is best shopping app .. its never disappoints you best product best quality and best price .. myntra ❤️,"{""review_id"": ""a8a90cb401900916d4c4"", ""source"": ""play_store""}"
ca6ff1bd53c94cc2a2a1,best product. I am 15 years I am followed to this Myntra app,"{""review_id"": ""ca6ff1bd53c94cc2a2a1"", ""source"": ""play_store""}"
bce5fb91fe7586b566b8,my first choice is myntra... always,"{""review_id"": ""bce5fb91fe7586b566b8"", ""source"": ""play_store""}"
1b43735810effb1375dc,awesome i love it,"{""review_id"": ""1b43735810effb1375dc"", ""source"": ""play_store""}"
7916ae41659c05048295,good app for shopping all items good condition and safely 🙏,"{""review_id"": ""7916ae41659c05048295"", ""source"": ""play_store""}"
99ca18f15147ddfd7a62,Great shopping experience,"{""review_id"": ""99ca18f15147ddfd7a62"", ""source"": ""play_store""}"
3a8d10cde845149610d2,good smell and hope for good results too package also good,"{""review_id"": ""3a8d10cde845149610d2"", ""source"": ""play_store""}"
bdb3add192ce83205b64,very nice service.,"{""review_id"": ""bdb3add192ce83205b64"", ""source"": ""play_store""}"
42dc60d79fbfa32ea867,Nice Exchange And Return Service And Best Quality And Best Service,"{""review_id"": ""42dc60d79fbfa32ea867"", ""source"": ""play_store""}"
1aeefb7e1f8fa64613a9,wonderful user app ❤️,"{""review_id"": ""1aeefb7e1f8fa64613a9"", ""source"": ""play_store""}"
2aa0f21f4ae669dff28f,"One of the best online shopping apps, great experience","{""review_id"": ""2aa0f21f4ae669dff28f"", ""source"": ""play_store""}"
cc39bffc762c0656813b,excellent application isase sasta isase achcha application Maine nahin dekha bahut achcha hai bahut excellent hai,"{""review_id"": ""cc39bffc762c0656813b"", ""source"": ""play_store""}"
e79d50a575379d32d982,best fashion destination for trendy stylish fabulous shopping experience .!! Also with exiting reward programs .!!,"{""review_id"": ""e79d50a575379d32d982"", ""source"": ""play_store""}"
d4b7249ac1352b548ac5,"Excellent experience. Great products, fast delivery, easy returns.","{""review_id"": ""d4b7249ac1352b548ac5"", ""source"": ""play_store""}"
c3e7bf86188f526459c9,better experience with this shopping wala app,"{""review_id"": ""c3e7bf86188f526459c9"", ""source"": ""play_store""}"
40842a321e4d79433999,thank-you Mantra nice product,"{""review_id"": ""40842a321e4d79433999"", ""source"": ""play_store""}"
b986d73ca18e8e61b867,Myntra is THE BEST 👌,"{""review_id"": ""b986d73ca18e8e61b867"", ""source"": ""play_store""}"
f3239b53345ca390cba0,"I am extremely disappointed with my recent experience. My order has not been delivered, yet the application incorrectly shows it as “delivered.” This is highly misleading and unacceptable. delivery agent did come to my residence, but I was neither informed in advance nor contacted via call or message at the time of delivery. There was no proper attempt to hand over the order, which is completely unprofessional. What is even more frustrating, I tried to raise a complaint but not resolved.","{""review_id"": ""f3239b53345ca390cba0"", ""source"": ""play_store""}"
dca9b84030c9bcb7820d,i really love myntra,"{""review_id"": ""dca9b84030c9bcb7820d"", ""source"": ""play_store""}"
f1edac3ab5e8eae825eb,"Edit: The filter bug is still not fixed for the past year or so, many a time the apply button disappears from filter menu and reappears on app restart. Makes the experience very frustrating edit: The issue still exists as of today and across android and ios devices Pathetic QC.","{""review_id"": ""f1edac3ab5e8eae825eb"", ""source"": ""play_store""}"
b35a49aa02ef48854f71,I have ordered two t shirts on 21 may and they will received on 23 may but when I was check the status they automatically cancelled I thought that it was small circumstances but again I have ordered on 25 may they will received on 30 may but they automatically cancelled on 28 may it was my biggest that is I have ordered by this app it is very shameless app and my welcome offer have gone . So please solve your application problem.,"{""review_id"": ""b35a49aa02ef48854f71"", ""source"": ""play_store""}"
7945b2751b46f9af83fc,in other e-commerce apps we can swipe the products in the plp page as well.. this should be implemented in myntra app also,"{""review_id"": ""7945b2751b46f9af83fc"", ""source"": ""play_store""}"
a8a45089b9c639d7750e,very good awesome 👌,"{""review_id"": ""a8a45089b9c639d7750e"", ""source"": ""play_store""}"
d190df3087f7c01f5caf,please allow cash on delivery,"{""review_id"": ""d190df3087f7c01f5caf"", ""source"": ""play_store""}"
123691c373b0062f0d80,nice purchasing experience,"{""review_id"": ""123691c373b0062f0d80"", ""source"": ""play_store""}"
0a6be059e21ffcdc7bad,Very very very good,"{""review_id"": ""0a6be059e21ffcdc7bad"", ""source"": ""play_store""}"
4015b145ca8c428ebbef,worst customer service ever since a month.. i hv been placing orders since a mnth they not even delivering the products... if the products were delivered im not able to exchange as the product doesn't fits me... too pathetic pathetic customer service .. actually I would like to -ve review but it was not possible... very pathetic unacceptable service from dirty myntra,"{""review_id"": ""4015b145ca8c428ebbef"", ""source"": ""play_store""}"
5b4640cf7cd381a80f59,product is very soft and stretchable Go for it guys,"{""review_id"": ""5b4640cf7cd381a80f59"", ""source"": ""play_store""}"
3bac83e713ca77fc3ecb,1st order discount is ossem 🫶😊,"{""review_id"": ""3bac83e713ca77fc3ecb"", ""source"": ""play_store""}"
cbe19aa8ac59503f0204,worst customer service in India. i have ordered some items it was cancelled twice after reaching final delivery hub. i ordered now same issue. worstttttttt,"{""review_id"": ""cbe19aa8ac59503f0204"", ""source"": ""play_store""}"
3f1d6eedcccf354cc8b8,awesome products,"{""review_id"": ""3f1d6eedcccf354cc8b8"", ""source"": ""play_store""}"
9228cd0abf1d35bfa007,pathetic service from myntra. I have been a loyal customer of myntra from past 9+ years but now the service is pathetic they promised to deliver my exchange in 2 days but it has been 8 days the product is still undelivered and I have been in regular contact with customer care everyday the same that your product is in the nearest warehouse and will be delivered tomorrow but that order is not delivered yet. they don't deliver their products on time they don't pickup their nd exchange to bhul jao.,"{""review_id"": ""9228cd0abf1d35bfa007"", ""source"": ""play_store""}"
586833057e877540b39f,most trusted online shopping apps,"{""review_id"": ""586833057e877540b39f"", ""source"": ""play_store""}"
5e492c4e0d0f5ddf5eae,quality is good/ superb/ Excellent 💯,"{""review_id"": ""5e492c4e0d0f5ddf5eae"", ""source"": ""play_store""}"
f7b424c3ba749c03e571,very useful app,"{""review_id"": ""f7b424c3ba749c03e571"", ""source"": ""play_store""}"
d84c30aa3ef9e66b08f8,very good 😊,"{""review_id"": ""d84c30aa3ef9e66b08f8"", ""source"": ""play_store""}"
c2d09fbfd6d6cd7f180d,Nice App for shopping and also faster delivery,"{""review_id"": ""c2d09fbfd6d6cd7f180d"", ""source"": ""play_store""}"
56fd04c6b28ea0fcb126,providing best service,"{""review_id"": ""56fd04c6b28ea0fcb126"", ""source"": ""play_store""}"
e22ebfbfc05fa66ece64,great👍 experience,"{""review_id"": ""e22ebfbfc05fa66ece64"", ""source"": ""play_store""}"
094d778bf44f51bea12a,excellent work and excellent platform for shopping🛍️💸🛍️💸🛍️💸🛍️💸🛍️💸🛍️💸🛍️💸🛍️💸🛍️💸🛍️💸🛍️💸🛍️💸🛍️💸🛍️💸🛍️💸🛍️💸🛍️💸🛍️💸🛍️💸🛍️💸🛍️💸🛍️💸🛍️💸🛍️💸🛍️💸🛍️💸🛍️💸🛍️💸🛍️💸🛍️💸🛍️💸🛍️💸🛍️💸🛍️💸🛍️💸🛍️💸🛍️💸🛍️💸🛍️💸🛍️💸🛍️💸🛍️💸🛍️💸🛍️💸🛍️💸🛍️💸🛍️💸🛍️💸🛍️💸🛍️💸🛍️💸🛍️💸🛍️💸🛍️💸🛍️💸🛍️💸🛍️💸🛍️💸🛍️💸🛍️💸🛍️💸🛍️💸🛍️💸🛍️💸🛍️💸🛍️💸🛍️💸🛍️💸🛍️💸🛍️💸🛍️💸🛍️💸🛍️💸🛍️💸🛍️💸🛍️💸🛍️💸🛍️💸🛍️💸🛍️💸🛍️💸🛍️💸🛍️💸🛍️💸🛍️💸🛍️💸🛍️💸🛍️💸🛍️💸🛍️💸,"{""review_id"": ""094d778bf44f51bea12a"", ""source"": ""play_store""}"
78b21e1d9b3a5495a1ff,This is the best platform for shopping .I like the design of the product.,"{""review_id"": ""78b21e1d9b3a5495a1ff"", ""source"": ""play_store""}"
8bb10138257fb46b44f5,very easy to oder and very nice production,"{""review_id"": ""8bb10138257fb46b44f5"", ""source"": ""play_store""}"
cd884fe90c39c9280600,best plateform.,"{""review_id"": ""cd884fe90c39c9280600"", ""source"": ""play_store""}"
b413b9beacbe79b9c905,good app and all products price,"{""review_id"": ""b413b9beacbe79b9c905"", ""source"": ""play_store""}"
8ceb6662e552201dcbd7,clothes are well listed apps,"{""review_id"": ""8ceb6662e552201dcbd7"", ""source"": ""play_store""}"
70d4a3f9e60c2ba8bc5d,i didn't even recieved my order on date and the worst thing is delivery agent isn't answering my calls and very bad experience until I've contacted customer care,"{""review_id"": ""70d4a3f9e60c2ba8bc5d"", ""source"": ""play_store""}"
427c71e8a02bb7f871ad,I am myntra customer since the app was launched and I am truly satisfied with shopping and also with returns,"{""review_id"": ""427c71e8a02bb7f871ad"", ""source"": ""play_store""}"
e8d729470de61900de2e,every product 100%origenal and good service,"{""review_id"": ""e8d729470de61900de2e"", ""source"": ""play_store""}"
b2040834acd4c06f8536,i am so happy ☺️,"{""review_id"": ""b2040834acd4c06f8536"", ""source"": ""play_store""}"
c17fb1d010b28005dc0e,best app for clothes and shoes,"{""review_id"": ""c17fb1d010b28005dc0e"", ""source"": ""play_store""}"
52672aba19bdb12d3723,Myntra's customer service team provides pathetic service..Myntra does not provide refund mostly for returned products and seems to do cheating at times.. Myntra does not take any accountability for the products sold through their platform..Amazon is the best for me in my opinion..Myntra is not good..,"{""review_id"": ""52672aba19bdb12d3723"", ""source"": ""play_store""}"
058610482749b96f1d97,I am not using this app for a longer time but I love this app because recently I ordered two products and the quality of product is amazing and the most good thing is that I can purchase this in a affordable price and not only that even you can spin coins and win prizes and the quick delivery is the best one and we can find everything on this app and the range you wants i am new on this app but still I like it so,"{""review_id"": ""058610482749b96f1d97"", ""source"": ""play_store""}"
0eca7e5034bb145464ab,this is best 👍🏻,"{""review_id"": ""0eca7e5034bb145464ab"", ""source"": ""play_store""}"
850186cd27c96f60f92f,very good app for fast delivery,"{""review_id"": ""850186cd27c96f60f92f"", ""source"": ""play_store""}"
5b0edf833419a66bc1b4,Best Fashion App,"{""review_id"": ""5b0edf833419a66bc1b4"", ""source"": ""play_store""}"
99284a0957fa2e62110f,useful app,"{""review_id"": ""99284a0957fa2e62110f"", ""source"": ""play_store""}"
5b340c11c1e5f217d6b5,easy to order anything,"{""review_id"": ""5b340c11c1e5f217d6b5"", ""source"": ""play_store""}"
aad54463199f22e594e2,geniune product,"{""review_id"": ""aad54463199f22e594e2"", ""source"": ""play_store""}"
f1351f3235e798eb2758,Myntra faster delivery now MNow....,"{""review_id"": ""f1351f3235e798eb2758"", ""source"": ""play_store""}"
135e6980d742c0b0f78c,"Excellent shopping app! The UI is smooth, products are genuine, and there are plenty of fashion choices for every budget. Delivery is fast, returns are hassle-free, and customer support is helpful. Highly recommended for online shopping!","{""review_id"": ""135e6980d742c0b0f78c"", ""source"": ""play_store""}"
8900fba88fb946a2077a,very good app 👌 excellent service and super products reasonable prices also expected delivery time thank u myntra,"{""review_id"": ""8900fba88fb946a2077a"", ""source"": ""play_store""}"
3efd7607168e693cd7ea,bohot he accha app hai maine ek track pants order Kiya tha but wo meko chota pda size and Maine return complaint bina jyada kuch sawaalo ke mereko return de diya aur delivery bhi jldi hui,"{""review_id"": ""3efd7607168e693cd7ea"", ""source"": ""play_store""}"
e61d75aafc4646eda521,worst customer service and not receiving the products on time... worst experience I had with myntra,"{""review_id"": ""e61d75aafc4646eda521"", ""source"": ""play_store""}"
b9cb554b336489d720bd,sometime the products are magical and sometime tragic,"{""review_id"": ""b9cb554b336489d720bd"", ""source"": ""play_store""}"
54419fb6ffb2f1d06a2b,best quality fashion,"{""review_id"": ""54419fb6ffb2f1d06a2b"", ""source"": ""play_store""}"
7eb3c3dfdfed1923e2cf,best app around shopping styles,"{""review_id"": ""7eb3c3dfdfed1923e2cf"", ""source"": ""play_store""}"
c660ea1d10dade2f83d8,it gives products in adorable price,"{""review_id"": ""c660ea1d10dade2f83d8"", ""source"": ""play_store""}"
023c5f20f6a6270a702e,best app for good product 👌,"{""review_id"": ""023c5f20f6a6270a702e"", ""source"": ""play_store""}"
02e09fa0b7bd5e7fc70b,Nice sopping app,"{""review_id"": ""02e09fa0b7bd5e7fc70b"", ""source"": ""play_store""}"
e52cf19cf94d949b843d,Best in fashion category,"{""review_id"": ""e52cf19cf94d949b843d"", ""source"": ""play_store""}"
70ecf6292b7e4be83e2a,"I had worst experience with myntra. I ordered airfryer of almost 2500,after payment I found it was used, I called customer care, he filed for exchange. I want to gift it on 25/7/26 on marriage but I couldn't. after multiple calls I got my exchange but delivery boy said he can't give me, because product is wrong tagged. I called customer care and Grivience officer and on 28/7 , again the same issue he said wrongly tagged product. I am still waiting for my product came from marriage with insult.","{""review_id"": ""70ecf6292b7e4be83e2a"", ""source"": ""play_store""}"
e00f99fafcd13dcfd053,it is the best app to purchasing fashionable items,"{""review_id"": ""e00f99fafcd13dcfd053"", ""source"": ""play_store""}"
6b47228d3c3d03ec1c9f,Good one ...and getting a good products faster and easier 😌,"{""review_id"": ""6b47228d3c3d03ec1c9f"", ""source"": ""play_store""}"
4e9385339e8783025994,Super producted,"{""review_id"": ""4e9385339e8783025994"", ""source"": ""play_store""}"
c1480e5f1b2d22044090,"Bahut hi bad experience. Mera ₹280 ka refund abhi tak receive nahi hua, jabki Myntra bol raha hai refund process ho gaya hai. Customer support se bhi proper help nahi mil rahi aur call bhi connect nahi hota. Agar refund sach me process hua hai to mujhe UPI RRN/UTR provide karein taaki main bank se verify kar sakun. Please meri problem jaldi solve karein.","{""review_id"": ""c1480e5f1b2d22044090"", ""source"": ""play_store""}"
594b7e8f5ff45e8ef6c7,"Good service 👍 whenever the idea of shopping comes in mind ,only Myntra is the option.","{""review_id"": ""594b7e8f5ff45e8ef6c7"", ""source"": ""play_store""}"
